date_time,maxtempC,mintempC,totalSnow_cm,sunHour,uvIndex,moon_illumination,moonrise,moonset,sunrise,sunset,DewPointC,FeelsLikeC,HeatIndexC,WindChillC,WindGustKmph,cloudcover,humidity,precipMM,pressure,tempC,visibility,winddirDegree,windspeedKmph,location,target
2008-07-10,25,16,0.0,8.0,4,47,01:52 PM,12:33 AM,06:22 AM,08:05 PM,18,19,20,19,14,68,91,25.3,1014,25,8,169,7,San Francisco Bay Area,1
2008-07-10,25,16,0.0,8.0,4,47,01:52 PM,12:33 AM,06:22 AM,08:05 PM,18,19,20,19,14,68,91,25.3,1014,25,8,169,7,San Francisco Bay Area,1
2014-06-30,30,22,0.0,10.0,6,16,08:49 AM,10:31 PM,05:34 AM,08:41 PM,24,29,29,26,33,63,92,28.8,1006,30,7,198,16,Illinois,1
2014-07-01,26,18,0.0,15.0,6,23,09:46 AM,11:01 PM,05:34 AM,08:41 PM,17,21,22,21,31,19,82,0.0,1007,26,10,265,17,Illinois,1
2014-07-02,18,14,0.0,5.0,4,30,10:42 AM,11:30 PM,05:35 AM,08:41 PM,14,16,16,16,23,81,90,1.1,1015,18,7,297,13,Illinois,1
2014-06-09,27,16,0.0,9.0,5,81,03:27 PM,02:33 AM,05:38 AM,06:38 PM,18,21,21,21,8,65,83,13.7,1012,27,8,197,3,Alberta,1
2014-06-03,23,16,0.0,8.0,4,35,10:30 AM,11:13 PM,05:37 AM,06:37 PM,18,20,20,20,8,73,87,22.8,1009,23,8,127,3,Alberta,1
2014-06-03,28,24,0.0,14.0,6,35,11:29 AM,No moonset,06:20 AM,08:16 PM,23,29,29,26,23,31,84,0.0,1014,28,10,122,14,Texas,1
2014-05-23,29,17,0.0,14.0,6,31,02:49 AM,03:23 PM,06:06 AM,08:23 PM,15,24,24,23,22,10,66,0.0,1015,29,9,312,12,North Carolina,1
2014-05-24,25,13,0.0,14.0,5,24,03:26 AM,04:26 PM,06:05 AM,08:24 PM,10,19,20,19,17,3,61,0.0,1019,25,10,273,8,North Carolina,1
2014-05-25,27,13,0.0,14.0,6,17,04:02 AM,05:29 PM,06:05 AM,08:24 PM,13,20,21,20,14,26,69,0.0,1021,27,9,197,6,North Carolina,1
2014-04-24,31,14,0.0,11.0,5,21,02:12 AM,02:24 PM,05:49 AM,06:25 PM,14,23,23,22,9,25,64,4.4,1012,31,9,215,3,Alberta,1
2014-04-12,22,10,0.0,12.0,4,89,05:01 PM,04:41 AM,06:12 AM,07:25 PM,11,15,16,15,40,47,72,0.2,1012,22,10,193,22,Michigan,1
2014-04-13,19,15,0.0,3.0,4,96,06:02 PM,05:11 AM,06:11 AM,07:26 PM,15,17,17,17,40,83,90,7.4,1004,19,9,201,20,Michigan,1
2014-04-14,16,-1,0.0,1.0,1,100,07:05 PM,05:42 AM,06:09 AM,07:28 PM,3,1,5,1,46,90,86,12.7,1007,16,6,267,25,Michigan,1
2014-04-15,1,-3,0.0,13.0,2,89,08:09 PM,06:15 AM,06:07 AM,07:29 PM,-8,-5,-1,-5,26,31,60,0.3,1020,1,9,288,15,Michigan,1
2014-03-20,10,1,0.0,13.0,3,67,11:27 PM,09:03 AM,06:59 AM,07:08 PM,2,2,6,2,31,38,79,4.8,1010,10,9,280,18,New York,1
2014-03-12,18,3,0.0,5.0,3,75,03:57 PM,04:58 AM,07:33 AM,07:23 PM,10,11,13,11,38,59,86,4.2,999,18,9,245,19,North Carolina,1
2014-03-13,6,-2,0.0,12.0,2,82,04:52 PM,05:34 AM,07:32 AM,07:24 PM,-10,-3,2,-3,32,4,46,0.0,1017,6,10,308,17,North Carolina,1
2014-03-03,-3,-10,2.4,1.0,1,9,07:34 AM,08:51 PM,06:27 AM,05:50 PM,-10,-13,-7,-13,26,71,76,3.5,1023,-3,6,344,17,New York,1
2014-02-12,-3,-6,23.9,3.0,1,89,04:10 PM,05:23 AM,07:08 AM,05:56 PM,-9,-10,-4,-10,30,65,71,24.2,1026,-3,6,47,19,North Carolina,1
2014-02-13,1,-4,17.3,1.0,1,97,05:04 PM,05:59 AM,07:07 AM,05:57 PM,-2,-6,-1,-6,35,76,96,18.4,1003,1,5,167,19,North Carolina,1
2014-02-14,9,-3,0.0,10.0,1,100,05:59 PM,06:33 AM,07:06 AM,05:58 PM,2,-1,2,-1,29,29,93,0.0,1008,9,10,231,15,North Carolina,1
2014-02-15,3,-5,0.0,8.0,1,88,06:55 PM,07:06 AM,07:05 AM,05:59 PM,-1,-4,1,-4,31,55,91,9.6,1009,3,7,278,16,North Carolina,1
2014-02-07,5,2,0.0,6.0,1,51,12:20 PM,01:18 AM,07:05 AM,06:03 PM,0,-1,3,-1,23,72,80,0.7,1026,5,10,70,18,Texas,1
2014-02-06,12,3,0.0,11.0,2,44,11:02 AM,12:07 AM,06:47 AM,05:26 PM,-1,4,7,4,32,37,61,0.4,1015,12,10,254,19,California,1
2014-02-06,12,3,0.0,11.0,2,44,11:02 AM,12:07 AM,06:47 AM,05:26 PM,-1,4,7,4,32,37,61,0.4,1015,12,10,254,19,California,1
2014-02-06,-6,-11,0.0,10.0,1,44,11:11 AM,12:33 AM,07:20 AM,05:39 PM,-11,-15,-9,-15,22,46,84,0.0,1028,-6,9,278,13,Northern California,1
2014-02-05,0,-9,29.5,1.0,1,36,10:29 AM,No moonset,07:18 AM,05:35 PM,-5,-9,-4,-9,30,87,95,29.6,1013,0,5,214,16,Pennsylvania,1
2014-02-06,-5,-12,0.0,10.0,2,44,11:07 AM,12:30 AM,07:17 AM,05:36 PM,-11,-14,-9,-14,20,38,80,0.0,1027,-5,10,288,12,Pennsylvania,1
2014-02-07,-5,-15,0.0,10.0,2,51,11:47 AM,01:30 AM,07:16 AM,05:37 PM,-13,-18,-11,-18,23,17,76,0.0,1028,-5,10,266,14,Pennsylvania,1
2014-02-08,-7,-16,0.0,3.0,1,59,12:30 PM,02:25 AM,07:15 AM,05:38 PM,-14,-16,-12,-16,11,48,76,0.3,1027,-7,10,275,7,Pennsylvania,1
2014-02-09,-5,-15,2.2,1.0,1,66,01:18 PM,03:17 AM,07:13 AM,05:40 PM,-10,-14,-9,-14,17,80,91,3.3,1020,-5,5,230,9,Pennsylvania,1
2014-02-05,1,-3,33.9,1.0,1,36,10:13 AM,No moonset,07:02 AM,05:19 PM,-1,-5,0,-5,23,85,94,34.4,1011,1,5,197,15,New York,1
2014-02-06,-1,-7,0.0,10.0,2,44,10:51 AM,12:14 AM,07:01 AM,05:20 PM,-7,-10,-5,-10,20,12,80,0.0,1024,-1,10,308,13,New York,1
2014-02-07,-1,-9,0.0,10.0,2,51,11:31 AM,01:13 AM,07:00 AM,05:21 PM,-7,-11,-6,-11,22,14,75,0.0,1026,-1,10,274,14,New York,1
2014-02-08,-2,-11,0.0,5.0,1,59,12:14 PM,02:09 AM,06:59 AM,05:23 PM,-9,-12,-7,-12,16,49,72,0.0,1025,-2,10,286,10,New York,1
2014-02-09,-2,-10,1.2,8.0,1,66,01:01 PM,03:00 AM,06:57 AM,05:24 PM,-8,-10,-6,-10,14,48,76,2.5,1019,-2,9,274,9,New York,1
2014-02-10,-3,-10,0.0,11.0,2,74,01:51 PM,03:48 AM,06:56 AM,05:25 PM,-9,-13,-7,-13,24,17,77,0.0,1021,-3,10,305,16,New York,1
2014-02-11,-5,-14,0.0,11.0,2,81,02:44 PM,04:30 AM,06:55 AM,05:26 PM,-11,-17,-10,-17,20,5,74,0.0,1029,-5,10,303,15,New York,1
2014-02-12,-5,-14,0.0,11.0,2,89,03:39 PM,05:09 AM,06:54 AM,05:28 PM,-11,-15,-9,-15,15,25,75,0.0,1032,-5,10,51,11,New York,1
2014-02-13,1,-5,44.5,1.0,1,97,04:35 PM,05:45 AM,06:52 AM,05:29 PM,-1,-7,0,-7,46,99,95,45.1,1004,1,6,46,28,New York,1
2014-02-14,3,-3,8.9,11.0,1,100,05:32 PM,06:17 AM,06:51 AM,05:30 PM,-2,-6,0,-6,40,32,85,9.2,998,3,8,276,25,New York,1
2014-02-15,1,-4,4.2,1.0,1,88,06:29 PM,06:47 AM,06:50 AM,05:31 PM,-3,-6,-1,-6,30,68,86,5.4,1005,1,7,195,19,New York,1
2014-02-16,-2,-9,0.0,11.0,1,81,07:28 PM,07:17 AM,06:49 AM,05:32 PM,-9,-12,-5,-12,30,37,76,0.0,1014,-2,10,294,20,New York,1
2014-02-17,-1,-10,0.0,11.0,2,73,08:27 PM,07:46 AM,06:47 AM,05:34 PM,-10,-11,-6,-11,20,14,67,0.0,1026,-1,10,273,13,New York,1
2014-02-18,3,-6,1.6,5.0,1,66,09:27 PM,08:16 AM,06:46 AM,05:35 PM,-2,-5,-1,-5,22,50,84,3.1,1019,3,7,196,13,New York,1
2014-02-19,4,-4,0.0,5.0,1,58,10:28 PM,08:47 AM,06:44 AM,05:36 PM,0,-2,1,-2,20,51,92,4.6,1013,4,9,211,11,New York,1
2014-02-20,6,-2,0.0,11.0,1,51,11:31 PM,09:23 AM,06:43 AM,05:37 PM,1,0,2,0,18,38,85,0.0,1021,6,9,212,10,New York,1
2014-02-21,10,1,0.0,1.0,1,43,No moonrise,10:02 AM,06:42 AM,05:38 PM,4,2,5,2,26,71,94,3.5,1012,10,7,161,13,New York,1
2014-02-22,9,-2,0.0,11.0,2,36,12:33 AM,10:47 AM,06:40 AM,05:39 PM,1,-1,3,-1,26,7,78,0.0,1017,9,10,236,15,New York,1
2014-02-23,10,0,0.0,9.0,1,28,01:35 AM,11:39 AM,06:39 AM,05:41 PM,3,2,4,2,16,54,88,0.2,1014,10,10,240,9,New York,1
2014-02-05,0,-9,29.5,1.0,1,36,10:29 AM,No moonset,07:18 AM,05:35 PM,-5,-9,-4,-9,30,87,95,29.6,1013,0,5,214,16,Pennsylvania,1
2014-01-22,-9,-20,0.0,1.0,1,52,11:39 PM,10:14 AM,07:18 AM,05:01 PM,-16,-23,-15,-23,31,74,84,0.0,1020,-9,8,263,19,Ohio,1
2014-01-18,18,7,0.0,8.0,3,81,08:14 PM,08:29 AM,07:15 AM,05:46 PM,6,11,12,11,19,31,60,0.0,1023,18,10,154,12,Texas,1
2014-01-17,-10,-17,0.0,1.0,1,89,06:44 PM,07:48 AM,07:21 AM,04:55 PM,-14,-21,-13,-21,30,83,91,0.0,1015,-10,8,284,17,Ohio,1
2014-01-07,27,22,0.0,5.0,5,39,10:42 AM,11:11 PM,05:54 AM,05:38 PM,22,26,26,24,8,54,90,5.7,1010,27,9,46,3,North Carolina,1
2014-01-08,30,21,0.0,10.0,5,46,11:29 AM,No moonset,05:54 AM,05:39 PM,22,28,28,25,7,28,81,3.4,1009,30,8,43,3,North Carolina,1
2014-01-07,-5,-12,0.0,10.0,2,39,11:31 AM,No moonset,07:29 AM,05:19 PM,-23,-15,-8,-15,26,1,32,0.0,1031,-5,10,277,15,North Carolina,1
2014-01-07,-11,-23,0.0,5.0,1,39,11:14 AM,No moonset,07:30 AM,04:50 PM,-18,-25,-18,-25,19,72,90,0.0,1027,-11,8,208,12,Illinois,1
2014-01-08,-12,-18,0.0,8.0,1,46,11:47 AM,12:33 AM,07:30 AM,04:51 PM,-15,-21,-16,-21,14,63,92,0.0,1031,-12,6,127,9,Illinois,1
2014-01-09,-4,-17,0.0,3.0,1,53,12:21 PM,01:35 AM,07:30 AM,04:53 PM,-10,-16,-10,-16,21,69,93,0.1,1028,-4,7,136,12,Illinois,1
2014-01-07,-17,-23,0.0,7.0,1,39,11:21 AM,No moonset,07:36 AM,05:01 PM,-24,-31,-20,-31,40,44,71,0.0,1027,-17,10,270,23,Pennsylvania,1
2014-01-06,5,-21,0.0,3.0,1,31,10:48 AM,11:34 PM,07:36 AM,05:00 PM,-9,-13,-6,-13,47,75,78,4.3,1007,5,4,260,26,Pennsylvania,1
2014-01-06,5,-21,0.0,3.0,1,31,10:48 AM,11:34 PM,07:36 AM,05:00 PM,-9,-13,-6,-13,47,75,78,4.3,1007,5,4,260,26,Pennsylvania,1
2014-01-06,4,-1,0.0,3.0,1,31,11:00 AM,11:39 PM,07:15 AM,05:36 PM,-8,-5,1,-5,35,60,56,0.0,1035,4,10,158,25,Texas,1
2014-01-07,7,-2,0.0,10.0,2,39,11:39 AM,No moonset,07:15 AM,05:37 PM,-6,-1,3,-1,22,23,54,0.0,1034,7,10,68,14,Texas,1
2013-12-22,1,-3,2.7,1.0,1,63,09:38 PM,10:04 AM,07:12 AM,04:21 PM,-1,-4,0,-4,22,98,94,4.4,1009,1,6,184,14,Michigan,1
2013-12-23,-4,-15,0.0,3.0,1,56,10:36 PM,10:33 AM,07:13 AM,04:21 PM,-9,-15,-8,-15,33,75,87,0.0,1027,-4,9,261,21,Michigan,1
2013-12-24,-9,-16,0.0,9.0,1,48,11:36 PM,11:01 AM,07:13 AM,04:22 PM,-15,-20,-13,-20,25,48,82,0.0,1034,-9,10,218,16,Michigan,1
2013-12-25,-3,-9,0.0,2.0,1,41,No moonrise,11:30 AM,07:13 AM,04:22 PM,-9,-11,-5,-11,30,84,74,1.5,1025,-3,8,199,19,Michigan,1
2013-12-13,19,8,0.0,2.0,3,72,02:56 PM,03:40 AM,07:06 AM,05:23 PM,11,13,14,13,20,69,85,3.1,1019,19,8,124,12,Texas,1
2013-12-14,14,6,0.0,10.0,4,79,03:38 PM,04:35 AM,07:06 AM,05:23 PM,8,9,12,9,33,13,82,0.0,1017,14,10,311,22,Texas,1
2013-12-15,12,4,0.0,10.0,3,86,04:23 PM,05:29 AM,07:07 AM,05:23 PM,2,5,7,5,23,4,71,0.0,1026,12,10,295,15,Texas,1
2013-12-16,17,6,0.0,10.0,4,93,05:10 PM,06:20 AM,07:07 AM,05:24 PM,2,10,10,10,11,0,53,0.0,1026,17,10,224,6,Texas,1
2013-12-17,20,7,0.0,10.0,4,100,06:00 PM,07:09 AM,07:08 AM,05:24 PM,7,12,13,12,12,0,66,0.0,1025,20,10,236,7,Texas,1
2013-12-18,18,10,0.0,10.0,4,100,06:51 PM,07:54 AM,07:09 AM,05:25 PM,11,14,14,14,18,3,76,0.0,1024,18,10,201,11,Texas,1
2013-12-19,21,17,0.0,1.0,4,85,07:43 PM,08:36 AM,07:09 AM,05:25 PM,17,19,19,19,34,74,87,0.0,1016,21,9,163,20,Texas,1
2013-12-20,23,20,0.0,1.0,5,77,08:34 PM,09:16 AM,07:10 AM,05:26 PM,20,21,23,21,37,80,96,2.1,1011,23,9,161,22,Texas,1
2013-12-21,22,14,0.0,5.0,5,70,09:27 PM,09:52 AM,07:10 AM,05:26 PM,19,20,22,20,42,65,91,8.9,1005,22,8,173,22,Texas,1
2013-12-22,16,6,0.0,10.0,3,63,10:19 PM,10:27 AM,07:11 AM,05:27 PM,8,12,13,12,24,19,65,0.1,1017,16,10,216,15,Texas,1
2013-12-23,11,3,0.0,10.0,3,56,11:12 PM,11:01 AM,07:11 AM,05:27 PM,1,3,6,3,27,0,70,0.0,1030,11,10,55,20,Texas,1
2013-12-24,12,3,0.0,10.0,3,48,No moonrise,11:35 AM,07:12 AM,05:28 PM,3,5,7,5,22,0,71,0.0,1031,12,10,69,14,Texas,1
2013-12-25,14,8,0.0,10.0,3,41,12:05 AM,12:09 PM,07:12 AM,05:28 PM,8,9,11,9,22,41,78,0.0,1026,14,10,74,15,Texas,1
2013-12-26,15,10,0.0,10.0,4,34,01:01 AM,12:46 PM,07:12 AM,05:29 PM,7,12,12,12,15,43,68,0.0,1027,15,10,84,9,Texas,1
2013-12-27,14,11,0.0,8.0,3,27,01:59 AM,01:27 PM,07:13 AM,05:29 PM,7,11,12,11,19,42,70,0.0,1028,14,9,38,13,Texas,1
2013-12-13,19,8,0.0,2.0,3,72,02:56 PM,03:40 AM,07:06 AM,05:23 PM,11,13,14,13,20,69,85,3.1,1019,19,8,124,12,Texas,1
2013-12-14,14,6,0.0,10.0,4,79,03:38 PM,04:35 AM,07:06 AM,05:23 PM,8,9,12,9,33,13,82,0.0,1017,14,10,311,22,Texas,1
2013-12-15,12,4,0.0,10.0,3,86,04:23 PM,05:29 AM,07:07 AM,05:23 PM,2,5,7,5,23,4,71,0.0,1026,12,10,295,15,Texas,1
2013-12-16,17,6,0.0,10.0,4,93,05:10 PM,06:20 AM,07:07 AM,05:24 PM,2,10,10,10,11,0,53,0.0,1026,17,10,224,6,Texas,1
2013-12-17,20,7,0.0,10.0,4,100,06:00 PM,07:09 AM,07:08 AM,05:24 PM,7,12,13,12,12,0,66,0.0,1025,20,10,236,7,Texas,1
2013-12-18,18,10,0.0,10.0,4,100,06:51 PM,07:54 AM,07:09 AM,05:25 PM,11,14,14,14,18,3,76,0.0,1024,18,10,201,11,Texas,1
2013-12-19,21,17,0.0,1.0,4,85,07:43 PM,08:36 AM,07:09 AM,05:25 PM,17,19,19,19,34,74,87,0.0,1016,21,9,163,20,Texas,1
2013-12-20,23,20,0.0,1.0,5,77,08:34 PM,09:16 AM,07:10 AM,05:26 PM,20,21,23,21,37,80,96,2.1,1011,23,9,161,22,Texas,1
2013-12-21,22,14,0.0,5.0,5,70,09:27 PM,09:52 AM,07:10 AM,05:26 PM,19,20,22,20,42,65,91,8.9,1005,22,8,173,22,Texas,1
2013-12-22,16,6,0.0,10.0,3,63,10:19 PM,10:27 AM,07:11 AM,05:27 PM,8,12,13,12,24,19,65,0.1,1017,16,10,216,15,Texas,1
2013-12-23,11,3,0.0,10.0,3,56,11:12 PM,11:01 AM,07:11 AM,05:27 PM,1,3,6,3,27,0,70,0.0,1030,11,10,55,20,Texas,1
2013-12-24,12,3,0.0,10.0,3,48,No moonrise,11:35 AM,07:12 AM,05:28 PM,3,5,7,5,22,0,71,0.0,1031,12,10,69,14,Texas,1
2013-12-25,14,8,0.0,10.0,3,41,12:05 AM,12:09 PM,07:12 AM,05:28 PM,8,9,11,9,22,41,78,0.0,1026,14,10,74,15,Texas,1
2013-12-26,15,10,0.0,10.0,4,34,01:01 AM,12:46 PM,07:12 AM,05:29 PM,7,12,12,12,15,43,68,0.0,1027,15,10,84,9,Texas,1
2013-12-27,14,11,0.0,8.0,3,27,01:59 AM,01:27 PM,07:13 AM,05:29 PM,7,11,12,11,19,42,70,0.0,1028,14,9,38,13,Texas,1
2013-11-21,8,-2,0.0,9.0,2,69,08:28 PM,10:14 AM,07:09 AM,04:53 PM,-2,0,3,0,25,45,74,0.0,1030,8,10,142,13,Northern California,1
2013-11-22,10,1,0.0,1.0,2,61,09:24 PM,10:52 AM,07:10 AM,04:52 PM,6,4,7,4,26,95,96,6.6,1021,10,7,254,14,Northern California,1
2013-11-17,19,6,0.0,3.0,3,100,04:42 PM,06:32 AM,06:39 AM,04:25 PM,11,12,14,12,56,69,85,14.3,999,19,9,214,32,Michigan,1
2013-11-18,6,1,0.0,10.0,2,100,05:26 PM,07:29 AM,06:41 AM,04:24 PM,-1,-1,3,-1,41,17,73,0.0,1016,6,10,293,25,Michigan,1
2013-11-19,4,0,0.0,10.0,2,84,06:14 PM,08:20 AM,06:42 AM,04:24 PM,-3,-1,2,-1,18,6,71,0.0,1027,4,10,176,10,Michigan,1
2013-11-20,6,0,0.0,8.0,1,76,07:06 PM,09:08 AM,06:43 AM,04:23 PM,-2,-1,3,-1,30,59,70,0.7,1024,6,9,145,18,Michigan,1
2013-10-19,27,10,0.0,11.0,5,100,06:46 PM,07:43 AM,07:02 AM,06:11 PM,-9,18,18,18,14,0,16,0.0,1016,27,10,188,7,California,1
2013-09-11,32,23,0.0,13.0,7,41,01:05 PM,11:11 PM,06:39 AM,07:17 PM,23,30,30,27,19,19,81,0.0,1018,32,8,205,10,Southeastern Michigan,1
2013-09-12,29,21,0.0,11.0,5,49,02:05 PM,No moonset,06:40 AM,07:15 PM,22,28,28,25,21,40,87,7.4,1010,29,9,222,9,Southeastern Michigan,1
2013-09-13,23,14,0.0,13.0,5,56,03:01 PM,12:08 AM,06:41 AM,07:14 PM,14,20,20,20,26,27,78,3.2,1008,23,9,329,13,Southeastern Michigan,1
2013-09-14,21,13,0.0,13.0,5,64,03:51 PM,01:11 AM,06:42 AM,07:12 PM,10,15,16,15,19,5,76,0.0,1016,21,10,316,11,Southeastern Michigan,1
2013-09-15,21,9,0.0,13.0,5,71,04:36 PM,02:18 AM,06:43 AM,07:10 PM,11,16,17,16,13,25,79,0.0,1021,21,9,222,6,Southeastern Michigan,1
2013-07-22,31,22,0.0,13.0,6,98,07:56 PM,05:54 AM,05:54 AM,08:02 PM,14,27,27,26,19,21,47,0.4,1013,31,9,238,12,California,1
2013-07-19,34,26,0.0,14.0,6,76,05:23 PM,02:19 AM,05:41 AM,08:23 PM,24,34,34,29,26,12,76,0.7,1012,34,10,235,14,New York,1
2013-07-20,32,24,0.0,11.0,6,84,06:23 PM,03:19 AM,05:42 AM,08:22 PM,23,31,31,28,26,38,80,17.5,1008,32,8,258,13,New York,1
2013-07-21,30,22,0.0,14.0,6,91,07:17 PM,04:26 AM,05:43 AM,08:21 PM,21,28,28,25,14,20,77,1.7,1012,30,10,147,7,New York,1
2013-07-19,31,24,0.0,14.0,7,76,05:19 PM,02:10 AM,05:30 AM,08:17 PM,23,30,30,27,34,20,87,6.2,1011,31,9,224,17,Michigan,1
2013-07-20,28,21,0.0,15.0,6,84,06:19 PM,03:10 AM,05:31 AM,08:17 PM,21,26,26,24,18,21,85,3.9,1011,28,9,154,7,Michigan,1
2013-07-05,36,22,0.0,15.0,7,11,03:45 AM,06:10 PM,05:44 AM,08:10 PM,11,29,29,29,30,14,32,0.0,1007,36,10,245,18,California,1
2013-07-02,25,15,0.0,9.0,4,32,01:21 AM,02:17 PM,05:42 AM,06:43 PM,16,19,20,19,15,69,85,10.3,1013,25,9,85,4,Alberta,1
2013-07-03,26,15,0.0,7.0,4,25,02:04 AM,03:07 PM,05:43 AM,06:43 PM,17,20,20,20,7,67,87,35.2,1013,26,6,263,2,Alberta,1
2013-07-04,25,15,0.0,8.0,4,18,02:49 AM,03:57 PM,05:43 AM,06:43 PM,17,19,20,19,8,68,88,38.1,1014,25,7,204,2,Alberta,1
2013-07-05,26,15,0.0,11.0,4,11,03:35 AM,04:45 PM,05:43 AM,06:43 PM,17,20,21,20,8,57,85,8.5,1013,26,8,126,2,Alberta,1
2013-06-24,28,21,0.0,14.0,5,87,09:42 PM,07:00 AM,05:31 AM,08:41 PM,22,27,27,24,22,38,90,1.4,1013,28,8,181,11,Illinois,1
2013-06-25,28,22,0.0,14.0,5,79,10:24 PM,08:13 AM,05:32 AM,08:41 PM,22,28,28,25,25,46,90,5.1,1009,28,7,189,13,Illinois,1
2013-06-19,26,15,0.0,7.0,5,76,02:56 PM,01:55 AM,05:39 AM,06:41 PM,17,20,21,20,11,69,83,13.0,1011,26,9,176,3,Alberta,1
2013-06-03,27,17,0.0,8.0,5,22,01:58 AM,02:40 PM,05:37 AM,06:37 PM,18,21,22,21,7,69,83,34.0,1011,27,8,227,2,Alberta,1
2013-04-23,10,4,0.0,9.0,2,91,05:36 PM,04:33 AM,06:06 AM,07:45 PM,4,4,7,4,25,46,83,0.0,1026,10,10,46,15,Newark,1
2013-04-16,13,3,0.0,13.0,3,38,10:47 AM,12:20 AM,06:18 AM,07:26 PM,-6,4,8,4,38,3,41,0.0,1013,13,10,290,26,California,1
2013-04-17,15,2,0.0,13.0,3,46,11:40 AM,01:03 AM,06:17 AM,07:27 PM,-10,8,10,8,21,0,27,0.0,1019,15,10,226,13,California,1
2013-04-18,19,5,0.0,13.0,4,54,12:35 PM,01:42 AM,06:15 AM,07:28 PM,-14,11,12,11,21,0,16,0.0,1022,19,10,74,13,California,1
2013-01-20,9,-1,0.0,10.0,1,56,12:07 PM,01:49 AM,07:20 AM,05:07 PM,-2,0,4,0,42,19,72,0.0,1014,9,10,270,23,Southeastern Michigan,1
2013-01-21,1,-4,0.0,4.0,1,63,12:47 PM,02:44 AM,07:19 AM,05:09 PM,-9,-5,-1,-5,19,50,55,0.7,1016,1,8,229,11,Southeastern Michigan,1
2013-01-22,-5,-10,0.0,10.0,1,70,01:31 PM,03:37 AM,07:18 AM,05:10 PM,-18,-15,-7,-15,40,24,42,0.0,1020,-5,10,294,24,Southeastern Michigan,1
2013-01-23,-7,-12,0.0,10.0,1,78,02:19 PM,04:26 AM,07:18 AM,05:11 PM,-16,-16,-9,-16,25,41,59,0.0,1024,-7,10,286,15,Southeastern Michigan,1
2012-12-31,9,-3,0.0,10.0,2,78,08:36 PM,09:16 AM,07:29 AM,05:14 PM,-6,-1,3,-1,22,29,55,0.0,1025,9,10,246,12,North Carolina,1
2012-12-17,5,-1,0.0,2.0,1,23,10:45 AM,10:08 PM,07:52 AM,04:20 PM,2,-2,3,-2,42,85,92,9.3,1000,5,7,205,19,Tacoma,1
2012-12-03,7,6,0.0,1.0,2,64,09:25 PM,10:55 AM,07:39 AM,04:20 PM,6,4,7,4,30,90,96,14.3,1012,7,8,151,12,Tacoma,1
2012-12-02,15,3,0.0,3.0,2,71,08:35 PM,10:09 AM,07:21 AM,04:48 PM,7,7,9,7,32,86,88,4.2,1021,15,8,208,17,Northern California,1
2012-12-03,15,10,0.0,8.0,3,64,09:35 PM,10:43 AM,07:22 AM,04:48 PM,11,12,12,12,16,75,93,0.4,1021,15,7,226,9,Northern California,1
2012-12-04,18,8,0.0,7.0,3,56,10:35 PM,11:15 AM,07:23 AM,04:48 PM,11,12,13,12,33,47,88,5.6,1018,18,9,225,17,Northern California,1
2012-10-29,15,7,0.0,1.0,3,97,06:01 PM,07:13 AM,07:26 AM,06:09 PM,10,7,11,7,69,95,93,104.0,986,15,6,269,48,Virginia,1
2012-10-30,9,7,0.0,1.0,2,100,06:39 PM,08:09 AM,07:27 AM,06:08 PM,5,4,8,4,49,79,84,3.4,995,9,7,229,31,Virginia,1
2012-10-29,16,11,0.0,1.0,3,97,05:46 PM,07:11 AM,07:24 AM,05:56 PM,11,10,13,10,74,99,90,40.9,980,16,6,50,45,New York,1
2012-10-30,13,8,0.0,1.0,3,100,06:21 PM,08:09 AM,07:25 AM,05:54 PM,9,9,12,9,42,95,82,9.6,992,13,6,178,24,New York,1
2012-10-31,10,6,0.0,10.0,2,100,07:02 PM,09:05 AM,07:26 AM,05:53 PM,4,6,8,6,20,55,81,0.8,1000,10,9,237,13,New York,1
2012-11-01,11,6,0.0,6.0,2,77,07:46 PM,09:58 AM,07:27 AM,05:52 PM,5,5,8,5,24,68,84,0.0,1002,11,10,253,16,New York,1
2012-11-02,11,4,0.0,10.0,3,70,08:35 PM,10:47 AM,07:28 AM,05:51 PM,3,5,8,5,27,46,77,0.0,1005,11,10,285,18,New York,1
2012-11-03,9,3,0.0,10.0,3,62,09:28 PM,11:32 AM,07:30 AM,05:50 PM,1,2,6,2,32,31,74,0.0,1011,9,10,305,21,New York,1
2012-11-04,9,2,0.0,10.0,3,55,10:24 PM,12:12 PM,07:31 AM,05:49 PM,1,2,5,2,24,23,76,0.0,1015,9,10,308,15,New York,1
2012-10-25,17,13,0.0,1.0,3,67,03:47 PM,03:12 AM,07:20 AM,06:01 PM,13,15,15,15,12,77,87,0.8,1023,17,9,111,8,Newark,1
2012-10-14,22,10,0.0,11.0,4,0,06:23 AM,05:54 PM,07:26 AM,06:35 PM,11,15,16,15,32,54,79,0.0,1014,22,9,198,17,Northern California,1
2012-09-11,27,15,0.0,10.0,5,16,01:50 AM,02:53 PM,05:57 AM,06:13 PM,17,20,21,20,16,50,83,1.0,1015,27,8,103,4,Alberta,1
2012-09-08,30,23,0.0,11.0,6,39,No moonrise,02:09 PM,06:41 AM,07:22 PM,23,29,29,26,30,29,81,3.0,1008,30,9,208,19,Virginia,1
2012-09-09,25,19,0.0,13.0,5,31,12:16 AM,02:57 PM,06:41 AM,07:20 PM,17,24,24,22,29,39,73,6.8,1010,25,10,235,18,Virginia,1
2012-09-05,21,12,0.0,6.0,4,62,09:47 PM,10:04 AM,05:57 AM,06:17 PM,15,17,17,17,9,72,96,0.0,1014,21,4,70,2,Alberta,1
2012-08-11,28,13,0.0,14.0,5,34,12:27 AM,04:14 PM,06:02 AM,08:27 PM,12,19,19,19,13,4,73,0.0,1016,28,10,32,6,Tacoma,1
2012-07-24,28,18,0.0,12.0,5,35,12:02 PM,11:22 PM,06:05 AM,08:38 PM,20,26,26,24,30,49,83,5.6,1010,28,9,279,14,Northern Illinois,1
2012-07-19,26,22,0.0,11.0,5,0,06:14 AM,08:28 PM,05:42 AM,08:23 PM,21,26,26,24,17,43,84,4.7,1013,26,9,105,10,Newark,1
2012-07-18,33,20,0.0,9.0,6,0,05:33 AM,08:11 PM,06:00 AM,08:42 PM,21,28,28,25,21,53,80,21.8,1012,33,8,258,9,Northern Illinois,1
2012-07-19,28,19,0.0,8.0,5,0,06:34 AM,08:46 PM,06:01 AM,08:42 PM,21,25,25,23,14,76,89,13.4,1013,28,7,257,7,Northern Illinois,1
2012-07-09,25,15,0.0,11.0,4,59,11:12 PM,11:04 AM,05:45 AM,06:43 PM,16,19,20,19,21,46,81,12.4,1014,25,8,81,6,Alberta,1
2012-07-06,26,9,0.0,16.0,5,81,10:39 PM,09:04 AM,05:22 AM,09:08 PM,12,16,17,16,9,5,78,0.0,1019,26,10,268,3,Tacoma,1
2012-07-01,32,24,0.0,15.0,7,83,06:43 PM,03:22 AM,05:34 AM,08:41 PM,23,32,32,28,17,14,88,0.0,1012,32,7,173,9,Illinois,1
2012-07-02,34,23,0.0,15.0,7,90,07:43 PM,04:22 AM,05:35 AM,08:40 PM,22,32,32,28,20,6,86,0.0,1013,34,9,217,10,Illinois,1
2012-07-03,33,23,0.0,15.0,7,97,08:34 PM,05:29 AM,05:36 AM,08:40 PM,22,32,32,28,24,17,88,0.0,1011,33,7,213,12,Illinois,1
2012-06-29,33,23,0.0,15.0,7,71,04:12 PM,01:53 AM,05:48 AM,08:27 PM,23,32,32,28,22,4,75,0.0,1008,33,10,215,13,Virginia,1
2012-06-30,32,24,0.0,15.0,7,78,05:22 PM,02:39 AM,05:48 AM,08:27 PM,23,31,31,27,21,3,78,0.0,1009,32,10,206,12,Virginia,1
2012-07-01,34,25,0.0,15.0,7,83,06:28 PM,03:33 AM,05:49 AM,08:27 PM,24,33,33,29,19,7,76,0.0,1011,34,10,242,12,Virginia,1
2012-07-02,30,24,0.0,15.0,6,90,07:29 PM,04:33 AM,05:49 AM,08:27 PM,21,29,29,27,18,13,71,0.1,1013,30,10,147,11,Virginia,1
2012-07-03,31,24,0.0,14.0,6,97,08:21 PM,05:39 AM,05:50 AM,08:27 PM,21,30,30,27,20,15,71,1.0,1014,31,10,205,12,Virginia,1
2012-07-04,33,25,0.0,15.0,7,100,09:07 PM,06:48 AM,05:50 AM,08:26 PM,23,32,32,28,23,7,74,0.0,1012,33,10,247,13,Virginia,1
2012-04-21,19,5,0.0,14.0,4,0,06:06 AM,09:00 PM,06:09 AM,08:08 PM,7,12,12,12,11,18,73,0.0,1019,19,10,113,5,Tacoma,1
2012-04-22,23,9,0.0,14.0,5,3,06:36 AM,09:59 PM,06:08 AM,08:09 PM,10,15,16,15,11,15,71,0.2,1013,23,10,140,6,Tacoma,1
2012-04-23,22,10,0.0,14.0,5,11,07:12 AM,10:55 PM,06:06 AM,08:11 PM,11,15,16,15,11,14,74,0.0,1011,22,9,227,5,Tacoma,1
2012-04-19,12,2,0.0,4.0,2,0,05:15 AM,06:57 PM,06:13 AM,08:05 PM,6,7,8,7,13,71,90,21.8,1017,12,6,161,7,Tacoma,1
2012-04-15,24,10,0.0,13.0,5,26,03:11 AM,02:09 PM,06:20 AM,07:42 PM,7,17,18,17,11,13,60,0.0,1010,24,10,56,6,Georgia,1
2012-04-12,13,4,0.0,11.0,2,49,02:01 AM,11:16 AM,06:26 AM,07:56 PM,4,7,8,7,13,38,78,2.0,1009,13,8,135,6,Tacoma,1
2012-04-07,14,3,0.0,13.0,3,87,08:59 PM,06:39 AM,06:30 AM,07:29 PM,-2,6,8,6,32,8,51,0.0,1017,14,10,322,18,Newark,1
2012-04-07,14,3,0.0,13.0,3,87,08:59 PM,06:39 AM,06:30 AM,07:29 PM,-2,6,8,6,32,8,51,0.0,1017,14,10,322,18,Newark,1
2012-04-07,14,3,0.0,13.0,3,87,08:59 PM,06:39 AM,06:30 AM,07:29 PM,-2,6,8,6,32,8,51,0.0,1017,14,10,322,18,Newark,1
2012-03-26,11,4,0.0,11.0,2,22,08:35 AM,No moonset,07:00 AM,07:32 PM,3,5,7,5,18,56,81,0.0,1009,11,7,178,8,Tacoma,1
2012-03-23,21,13,0.0,13.0,5,0,07:02 AM,08:33 PM,06:54 AM,07:13 PM,12,16,16,16,18,18,79,0.0,1018,21,9,128,10,Newark,1
2012-03-04,20,8,0.0,12.0,4,77,02:49 PM,03:46 AM,06:41 AM,06:21 PM,5,13,14,13,19,0,54,0.0,1023,20,10,228,12,Texas,1
2012-03-05,21,11,0.0,12.0,5,84,03:51 PM,04:28 AM,06:40 AM,06:22 PM,10,16,16,16,19,0,68,0.0,1026,21,10,202,13,Texas,1
2012-02-14,6,1,0.0,7.0,1,41,01:18 AM,10:30 AM,07:17 AM,05:32 PM,2,2,4,2,15,52,90,3.0,1016,6,4,214,7,Tacoma,1
2012-02-15,8,0,0.0,10.0,2,34,02:27 AM,11:20 AM,07:16 AM,05:33 PM,0,2,3,2,9,22,81,0.0,1027,8,7,210,4,Tacoma,1
2012-02-11,8,4,0.0,2.0,2,64,10:47 PM,08:44 AM,07:22 AM,05:27 PM,5,4,6,4,19,82,93,2.8,1020,8,4,196,8,Tacoma,1
2012-01-24,8,1,0.0,1.0,1,0,08:08 AM,07:08 PM,07:45 AM,04:59 PM,3,1,4,1,33,88,96,22.7,1012,8,8,205,15,Tacoma,1
2012-01-15,3,-3,2.2,8.0,1,50,No moonrise,10:39 AM,07:52 AM,04:46 PM,-2,-2,-1,-2,15,62,91,4.9,1018,3,6,151,6,Tacoma,1
2012-01-13,8,-2,0.0,9.0,1,65,10:03 PM,09:31 AM,07:20 AM,04:51 PM,-2,-3,2,-3,45,47,75,3.8,1001,8,7,232,27,Newark,1
2012-01-12,8,5,0.0,3.0,2,72,08:54 PM,09:01 AM,07:20 AM,04:50 PM,6,3,6,3,31,87,95,24.3,1000,8,7,127,19,Newark,1
2012-01-04,10,6,0.0,2.0,2,70,01:01 PM,03:47 AM,07:57 AM,04:33 PM,6,6,8,6,31,69,86,27.1,1020,10,7,192,14,Tacoma,1
2011-12-31,6,0,0.0,8.0,1,37,11:13 AM,No moonset,07:57 AM,04:29 PM,0,0,2,0,17,48,88,0.0,1027,6,8,135,6,Tacoma,1
2011-12-20,5,1,0.0,1.0,1,25,03:11 AM,01:08 PM,07:53 AM,04:21 PM,2,1,3,1,17,80,91,0.2,1026,5,4,202,8,Tacoma,1
2011-12-08,5,-1,0.0,9.0,2,88,03:04 PM,05:59 AM,07:44 AM,04:19 PM,-2,-1,2,-1,16,5,77,0.0,1029,5,10,23,7,Tacoma,1
2011-12-05,6,0,0.0,9.0,2,66,01:32 PM,02:53 AM,07:41 AM,04:20 PM,-1,1,2,1,9,5,77,0.0,1032,6,10,118,5,Tacoma,1
2011-12-06,6,-2,0.0,9.0,2,74,01:58 PM,03:56 AM,07:42 AM,04:20 PM,-1,1,2,1,8,2,77,0.0,1030,6,10,148,3,Tacoma,1
2011-12-01,12,2,0.0,10.0,3,37,12:00 PM,11:51 PM,07:07 AM,05:06 PM,0,5,6,5,15,0,68,0.0,1025,12,10,136,7,Southern California,1
2011-12-02,14,1,0.0,9.0,2,44,12:29 PM,No moonset,07:08 AM,05:05 PM,0,7,7,7,8,22,65,0.0,1029,14,10,213,4,Southern California,1
2011-12-03,12,3,0.0,10.0,2,52,12:58 PM,12:47 AM,07:09 AM,05:05 PM,2,5,7,5,22,33,74,0.0,1034,12,10,60,12,Southern California,1
2011-12-04,15,3,0.0,10.0,3,59,01:26 PM,01:43 AM,07:10 AM,05:05 PM,7,8,9,8,18,8,87,0.0,1031,15,8,73,10,Southern California,1
2011-12-05,19,10,0.0,6.0,3,66,01:56 PM,02:37 AM,07:11 AM,05:05 PM,12,14,14,14,19,64,91,0.1,1024,19,6,110,9,Southern California,1
2011-12-06,21,13,0.0,7.0,4,74,02:27 PM,03:33 AM,07:12 AM,05:05 PM,15,17,17,17,21,75,91,0.0,1019,21,8,165,10,Southern California,1
2011-12-07,21,6,0.0,2.0,4,81,03:03 PM,04:28 AM,07:13 AM,05:05 PM,13,15,16,15,43,74,87,6.3,1009,21,9,209,22,Southern California,1
2011-12-01,5,-3,0.0,9.0,2,37,12:02 PM,11:46 PM,07:20 AM,04:48 PM,-4,-1,0,-1,12,7,75,0.0,1026,5,10,269,6,Northern California,1
2011-12-02,6,-2,0.0,9.0,2,44,12:28 PM,No moonset,07:21 AM,04:48 PM,-4,-3,0,-3,20,11,75,0.0,1030,6,10,232,11,Northern California,1
2011-10-29,2,-5,5.0,1.0,1,12,11:00 AM,08:34 PM,07:39 AM,06:12 PM,-1,-4,0,-4,21,81,94,17.6,1020,2,4,186,12,Pennsylvania,1
2011-10-30,6,-6,0.0,11.0,2,19,11:58 AM,09:38 PM,07:40 AM,06:11 PM,-3,-4,-1,-4,15,10,91,0.0,1025,6,8,262,7,Pennsylvania,1
2011-10-31,5,-4,0.0,4.0,1,23,12:47 PM,10:43 PM,07:41 AM,06:09 PM,-1,-2,1,-2,16,58,96,0.0,1026,5,3,149,8,Pennsylvania,1
2011-11-01,9,-3,0.0,9.0,1,35,01:27 PM,11:49 PM,07:42 AM,06:08 PM,1,3,3,3,8,47,96,0.0,1027,9,3,158,4,Pennsylvania,1
2011-11-02,12,1,0.0,10.0,2,43,02:01 PM,No moonset,07:43 AM,06:07 PM,4,4,5,4,13,66,91,0.0,1026,12,4,184,6,Pennsylvania,1
2011-11-03,14,4,0.0,10.0,2,50,02:30 PM,12:52 AM,07:44 AM,06:06 PM,5,7,8,7,10,58,87,0.0,1017,14,6,184,6,Pennsylvania,1
2011-11-04,8,0,0.0,11.0,2,58,02:57 PM,01:53 AM,07:46 AM,06:05 PM,0,1,5,1,31,12,73,0.0,1021,8,9,69,17,Pennsylvania,1
2011-11-05,8,-2,0.0,11.0,2,65,03:22 PM,02:52 AM,07:47 AM,06:04 PM,-5,-1,2,-1,19,3,65,0.0,1030,8,10,101,10,Pennsylvania,1
2011-11-06,10,-2,0.0,11.0,2,73,03:47 PM,03:50 AM,07:48 AM,06:03 PM,-1,0,3,0,21,5,75,0.0,1030,10,9,181,11,Pennsylvania,1
2011-11-07,14,-1,0.0,11.0,3,80,03:13 PM,03:48 AM,06:49 AM,05:02 PM,3,5,6,5,15,4,78,0.0,1027,14,9,254,9,Pennsylvania,1
2011-10-29,2,-5,5.0,1.0,1,12,11:00 AM,08:34 PM,07:39 AM,06:12 PM,-1,-4,0,-4,21,81,94,17.6,1020,2,4,186,12,Pennsylvania,1
2011-10-30,6,-6,0.0,11.0,2,19,11:58 AM,09:38 PM,07:40 AM,06:11 PM,-3,-4,-1,-4,15,10,91,0.0,1025,6,8,262,7,Pennsylvania,1
2011-10-31,5,-4,0.0,4.0,1,23,12:47 PM,10:43 PM,07:41 AM,06:09 PM,-1,-2,1,-2,16,58,96,0.0,1026,5,3,149,8,Pennsylvania,1
2011-11-01,9,-3,0.0,9.0,1,35,01:27 PM,11:49 PM,07:42 AM,06:08 PM,1,3,3,3,8,47,96,0.0,1027,9,3,158,4,Pennsylvania,1
2011-11-02,12,1,0.0,10.0,2,43,02:01 PM,No moonset,07:43 AM,06:07 PM,4,4,5,4,13,66,91,0.0,1026,12,4,184,6,Pennsylvania,1
2011-11-03,14,4,0.0,10.0,2,50,02:30 PM,12:52 AM,07:44 AM,06:06 PM,5,7,8,7,10,58,87,0.0,1017,14,6,184,6,Pennsylvania,1
2011-11-04,8,0,0.0,11.0,2,58,02:57 PM,01:53 AM,07:46 AM,06:05 PM,0,1,5,1,31,12,73,0.0,1021,8,9,69,17,Pennsylvania,1
2011-11-05,8,-2,0.0,11.0,2,65,03:22 PM,02:52 AM,07:47 AM,06:04 PM,-5,-1,2,-1,19,3,65,0.0,1030,8,10,101,10,Pennsylvania,1
2011-11-06,10,-2,0.0,11.0,2,73,03:47 PM,03:50 AM,07:48 AM,06:03 PM,-1,0,3,0,21,5,75,0.0,1030,10,9,181,11,Pennsylvania,1
2011-11-07,14,-1,0.0,11.0,3,80,03:13 PM,03:48 AM,06:49 AM,05:02 PM,3,5,6,5,15,4,78,0.0,1027,14,9,254,9,Pennsylvania,1
2011-08-28,22,17,0.0,7.0,5,0,05:43 AM,07:01 PM,06:19 AM,07:35 PM,18,21,23,21,59,64,88,97.5,989,22,8,212,31,New York,1
2011-08-28,22,17,0.0,7.0,5,0,05:43 AM,07:01 PM,06:19 AM,07:35 PM,18,21,23,21,59,64,88,97.5,989,22,8,212,31,New York,1
2011-08-29,25,15,0.0,13.0,5,0,06:57 AM,07:33 PM,06:20 AM,07:34 PM,14,19,20,19,14,3,73,0.0,1013,25,10,304,9,New York,1
2011-08-30,27,17,0.0,13.0,6,5,08:11 AM,08:05 PM,06:21 AM,07:32 PM,16,21,22,21,14,2,73,0.0,1019,27,10,129,7,New York,1
2011-08-31,27,17,0.0,13.0,6,9,09:27 AM,08:38 PM,06:22 AM,07:31 PM,18,22,23,22,11,19,78,0.0,1021,27,10,154,6,New York,1
2011-09-01,25,17,0.0,13.0,6,20,10:42 AM,09:16 PM,06:22 AM,07:29 PM,17,21,22,21,13,13,78,0.0,1021,25,10,184,8,New York,1
2011-09-02,24,17,0.0,13.0,6,28,11:56 AM,09:57 PM,06:23 AM,07:27 PM,17,20,21,20,13,9,81,0.0,1018,24,10,154,8,New York,1
2011-09-03,26,17,0.0,12.0,5,36,01:06 PM,10:45 PM,06:24 AM,07:26 PM,19,22,23,22,19,31,88,0.0,1014,26,9,220,12,New York,1
2011-08-27,27,15,0.0,10.0,5,2,04:46 AM,06:44 PM,06:33 AM,07:53 PM,17,21,22,21,22,30,81,2.6,1008,27,8,46,13,Pennsylvania,1
2011-08-28,23,12,0.0,10.0,4,0,05:59 AM,07:18 PM,06:34 AM,07:51 PM,14,17,17,17,41,44,83,27.2,1001,23,8,286,21,Pennsylvania,1
2011-08-29,24,9,0.0,13.0,5,0,07:13 AM,07:49 PM,06:35 AM,07:49 PM,9,15,16,15,12,16,70,0.0,1015,24,8,177,6,Pennsylvania,1
2011-08-26,28,14,0.0,13.0,6,9,03:36 AM,06:09 PM,06:32 AM,07:54 PM,16,21,21,21,12,28,77,0.0,1015,28,8,80,6,Pennsylvania,1
2011-08-27,27,15,0.0,10.0,5,2,04:46 AM,06:44 PM,06:33 AM,07:53 PM,17,21,22,21,22,30,81,2.6,1008,27,8,46,13,Pennsylvania,1
2011-08-28,23,12,0.0,10.0,4,0,05:59 AM,07:18 PM,06:34 AM,07:51 PM,14,17,17,17,41,44,83,27.2,1001,23,8,286,21,Pennsylvania,1
2011-08-24,35,27,0.0,11.0,6,24,02:09 AM,04:26 PM,06:53 AM,07:51 PM,24,35,35,30,18,13,73,0.4,1012,35,10,196,10,Texas,1
2011-08-25,32,27,0.0,8.0,6,16,03:08 AM,05:14 PM,06:53 AM,07:50 PM,23,33,33,29,15,34,72,2.9,1012,32,9,111,8,Texas,1
2011-08-26,35,27,0.0,13.0,8,9,04:10 AM,05:58 PM,06:54 AM,07:49 PM,22,34,34,30,17,8,66,0.0,1012,35,10,184,10,Texas,1
2011-08-27,37,26,0.0,13.0,8,2,05:15 AM,06:40 PM,06:54 AM,07:48 PM,23,36,36,31,24,8,68,0.0,1011,37,10,237,14,Texas,1
2011-08-28,36,27,0.0,13.0,8,0,06:21 AM,07:20 PM,06:55 AM,07:47 PM,22,35,35,31,21,0,65,0.0,1009,36,10,183,11,Texas,1
2011-08-29,37,27,0.0,13.0,8,0,07:28 AM,07:59 PM,06:55 AM,07:46 PM,23,36,36,31,16,2,68,0.0,1010,37,10,219,9,Texas,1
2011-08-23,35,26,0.0,13.0,6,31,01:15 AM,03:35 PM,06:52 AM,07:52 PM,23,34,34,30,19,12,74,0.2,1013,35,10,214,11,Texas,1
2011-08-23,27,22,0.0,13.0,6,31,12:37 AM,03:36 PM,06:27 AM,07:45 PM,15,25,25,24,19,5,57,0.0,1017,27,10,56,11,Virginia,1
2011-08-20,30,18,0.0,13.0,6,53,10:58 PM,12:56 PM,06:18 AM,07:52 PM,20,25,25,24,10,3,79,0.0,1014,30,9,254,5,Southeastern Michigan,1
2011-08-21,29,21,0.0,8.0,5,46,11:39 PM,01:54 PM,06:19 AM,07:51 PM,22,26,26,24,22,51,88,22.2,1012,29,8,199,11,Southeastern Michigan,1
2011-08-22,24,17,0.0,13.0,6,38,No moonrise,02:50 PM,06:20 AM,07:49 PM,16,21,22,21,23,8,76,0.0,1012,24,9,304,12,Southeastern Michigan,1
2011-08-23,25,16,0.0,13.0,6,31,12:25 AM,03:44 PM,06:21 AM,07:48 PM,13,20,21,20,15,5,66,0.0,1017,25,10,274,8,Southeastern Michigan,1
2011-08-01,34,25,0.0,14.0,7,9,08:40 AM,09:26 PM,06:39 AM,08:12 PM,23,33,33,29,20,21,72,0.0,1015,34,10,224,12,Texas,1
2011-08-02,34,26,0.0,13.0,6,16,09:46 AM,10:03 PM,06:40 AM,08:11 PM,23,34,34,29,23,15,72,0.1,1012,34,10,213,13,Texas,1
2011-08-03,34,26,0.0,14.0,7,24,10:51 AM,10:41 PM,06:41 AM,08:10 PM,24,35,35,30,23,9,78,0.0,1011,34,10,219,13,Texas,1
2011-08-04,34,26,0.0,14.0,7,31,11:57 AM,11:22 PM,06:41 AM,08:10 PM,24,34,34,29,23,7,79,0.0,1012,34,10,211,13,Texas,1
2011-08-05,34,26,0.0,14.0,7,38,01:03 PM,No moonset,06:42 AM,08:09 PM,24,35,35,30,24,13,79,0.0,1013,34,10,200,13,Texas,1
2011-07-23,31,24,0.0,15.0,7,42,No moonrise,02:16 PM,05:50 AM,08:30 PM,24,32,32,28,14,15,94,0.0,1013,31,5,158,6,Illinois,1
2011-07-24,31,24,0.0,15.0,6,34,12:23 AM,03:16 PM,05:51 AM,08:29 PM,23,30,30,27,19,41,92,0.0,1014,31,7,193,9,Illinois,1
2011-07-22,30,23,0.0,12.0,6,49,11:45 PM,01:11 PM,05:43 AM,08:25 PM,23,31,31,27,17,37,91,12.1,1011,30,9,130,9,Ohio,1
2011-07-14,33,26,0.0,12.0,6,93,07:59 PM,05:50 AM,06:29 AM,08:21 PM,24,34,34,29,24,30,76,0.7,1011,33,9,219,15,Texas,1
2011-07-12,29,16,0.0,15.0,6,78,06:09 PM,03:11 AM,05:47 AM,08:08 PM,9,23,23,23,30,0,44,0.0,1012,29,10,254,19,California,1
2011-07-11,31,22,0.0,15.0,6,71,05:20 PM,01:49 AM,05:23 AM,08:23 PM,24,30,30,26,22,42,92,10.4,1010,31,10,223,10,Michigan,1
2011-07-11,31,25,0.0,14.0,6,71,05:36 PM,02:07 AM,05:40 AM,08:38 PM,25,33,33,28,20,34,92,0.0,1010,31,6,271,10,Illinois,1
2011-07-04,32,22,0.0,13.0,6,20,09:22 AM,10:37 PM,05:50 AM,08:27 PM,22,30,30,27,26,34,81,6.2,1012,32,9,240,15,Virginia,1
2011-06-30,30,18,0.0,15.0,6,0,04:48 AM,08:14 PM,05:34 AM,08:41 PM,22,28,28,25,29,12,89,0.0,1013,30,10,167,15,Illinois,1
2011-07-01,32,22,0.0,15.0,7,0,05:51 AM,08:58 PM,05:34 AM,08:41 PM,25,32,32,27,29,25,89,0.0,1013,32,10,188,15,Illinois,1
2011-06-27,32,27,0.0,11.0,6,9,03:10 AM,05:16 PM,06:22 AM,08:23 PM,24,33,33,29,24,47,76,0.0,1014,32,10,175,14,Texas,1
2011-06-21,27,20,0.0,12.0,5,54,No moonrise,11:33 AM,05:30 AM,08:40 PM,21,26,26,24,35,46,93,5.7,1001,27,9,184,17,Illinois,1
2011-06-22,20,17,0.0,1.0,4,47,12:08 AM,12:32 PM,05:31 AM,08:41 PM,17,18,18,18,34,84,95,3.1,1002,20,9,223,18,Illinois,1
2011-06-23,18,16,0.0,4.0,4,39,12:31 AM,01:31 PM,05:31 AM,08:41 PM,16,17,17,17,32,82,93,1.1,1005,18,8,277,18,Illinois,1
2011-06-15,27,15,0.0,15.0,6,100,08:23 PM,04:44 AM,05:26 AM,08:37 PM,15,21,22,21,17,13,75,0.0,1013,27,10,289,9,Georgia,1
2011-06-16,27,16,0.0,15.0,6,100,09:16 PM,05:45 AM,05:26 AM,08:37 PM,15,22,23,22,14,34,75,0.0,1016,27,10,171,6,Georgia,1
2011-06-12,27,21,0.0,13.0,5,78,05:16 PM,02:51 AM,05:44 AM,08:23 PM,21,27,27,25,21,35,83,3.0,1012,27,10,227,13,Virginia,1
2011-06-09,26,15,0.0,10.0,5,55,01:51 PM,01:06 AM,05:30 AM,08:36 PM,20,21,23,21,21,69,93,10.2,1013,26,9,127,12,Illinois,1
2011-06-07,30,21,0.0,15.0,7,40,11:23 AM,12:02 AM,05:24 AM,08:29 PM,21,28,28,25,30,7,88,0.0,1010,30,8,209,14,Ohio,1
2011-06-08,29,23,0.0,14.0,6,48,12:33 PM,12:32 AM,05:24 AM,08:30 PM,21,28,28,25,32,12,84,0.2,1009,29,10,214,15,Ohio,1
2011-05-08,21,10,0.0,14.0,4,35,10:02 AM,12:09 AM,05:47 AM,07:59 PM,10,14,15,14,14,15,75,0.0,1013,21,10,214,7,New York,1
2011-05-04,10,2,0.0,14.0,3,6,06:13 AM,09:35 PM,05:41 AM,07:49 PM,1,4,6,4,20,14,76,0.0,1028,10,10,268,10,Michigan,1
2011-04-19,6,1,0.0,1.0,1,84,10:16 PM,06:58 AM,06:18 AM,07:48 PM,3,-2,3,-2,40,100,96,12.9,1007,6,9,108,25,Illinois,1
2011-03-21,23,10,0.0,8.0,4,84,10:12 PM,08:10 AM,07:20 AM,07:30 PM,11,16,17,16,27,67,88,0.0,1024,23,7,207,14,Southern California,1
2011-03-19,8,-2,0.0,12.0,1,100,07:47 PM,06:51 AM,07:21 AM,07:26 PM,0,0,3,0,26,35,84,0.0,1029,8,9,318,15,Northern and Central California,1
2011-03-20,11,-2,0.0,12.0,2,100,09:05 PM,07:23 AM,07:19 AM,07:27 PM,-1,1,4,1,27,30,75,1.1,1031,11,9,122,15,Northern and Central California,1
2011-03-21,17,5,0.0,5.0,3,84,10:21 PM,07:58 AM,07:18 AM,07:28 PM,9,8,10,8,40,82,97,7.8,1015,17,8,252,19,Northern and Central California,1
2011-03-22,10,3,0.0,10.0,2,77,11:36 PM,08:37 AM,07:16 AM,07:29 PM,3,3,6,3,19,71,87,1.0,1016,10,10,256,11,Northern and Central California,1
2011-03-23,13,2,0.0,4.0,2,70,No moonrise,09:22 AM,07:14 AM,07:30 PM,6,4,6,4,29,91,97,22.3,1002,13,6,196,12,Northern and Central California,1
2011-03-24,4,-4,0.0,9.0,1,63,12:45 AM,10:13 AM,07:13 AM,07:31 PM,-3,-4,0,-4,25,55,84,0.4,1010,4,7,321,15,Northern and Central California,1
2011-03-10,19,10,0.0,12.0,4,36,09:37 AM,11:49 PM,06:35 AM,06:25 PM,5,13,14,13,24,0,57,0.0,1028,19,10,286,14,Texas,1
2011-03-11,19,9,0.0,12.0,4,43,10:21 AM,No moonset,06:34 AM,06:25 PM,8,14,14,14,25,9,66,0.0,1023,19,10,127,13,Texas,1
2011-02-25,18,5,0.0,8.0,3,38,01:35 AM,11:21 AM,06:40 AM,05:54 PM,10,10,13,10,60,49,86,2.3,1010,18,10,233,33,Virginia,1
2011-02-25,3,-6,2.2,1.0,1,38,01:59 AM,11:20 AM,06:55 AM,06:02 PM,-1,-6,-1,-6,36,92,97,31.7,1008,3,7,240,20,Northern and Central California,1
2011-02-26,4,-8,0.0,9.0,1,31,02:55 AM,12:16 PM,06:54 AM,06:03 PM,-4,-5,-2,-5,15,65,90,1.1,1020,4,6,210,8,Northern and Central California,1
2011-02-27,6,-3,0.0,8.0,1,23,03:43 AM,01:16 PM,06:52 AM,06:04 PM,-2,-3,1,-3,26,72,85,0.0,1016,6,8,244,15,Northern and Central California,1
2011-02-28,12,-5,0.0,1.0,1,16,04:23 AM,02:18 PM,06:51 AM,06:05 PM,4,1,5,1,44,90,98,26.2,1009,12,6,259,23,Northern and Central California,1
2011-02-17,13,4,0.0,10.0,2,100,05:27 PM,06:20 AM,07:07 AM,05:52 PM,5,5,7,5,29,48,93,0.0,1017,13,10,209,15,Northern and Central California,1
2011-02-18,14,3,0.0,7.0,2,100,06:43 PM,06:53 AM,07:05 AM,05:53 PM,7,6,10,6,47,51,89,0.8,1012,14,9,257,25,Northern and Central California,1
2011-02-19,2,-6,0.0,5.0,1,84,08:00 PM,07:25 AM,07:04 AM,05:55 PM,-5,-9,-2,-9,54,59,85,0.0,1021,2,6,292,30,Northern and Central California,1
2011-02-09,12,-1,0.0,2.0,2,41,10:19 AM,No moonset,07:04 AM,06:04 PM,5,2,7,2,40,80,90,6.1,1020,12,6,210,27,Texas,1
2011-02-10,5,-3,0.0,11.0,2,48,10:57 AM,12:05 AM,07:03 AM,06:05 PM,-5,-4,1,-4,26,18,67,0.0,1026,5,10,253,18,Texas,1
2011-02-03,2,-2,0.0,10.0,1,0,07:15 AM,06:46 PM,07:08 AM,05:59 PM,-5,-5,0,-5,27,49,66,0.7,1030,2,10,140,20,Texas,1
2011-02-04,3,-1,0.0,7.0,1,3,07:46 AM,07:40 PM,07:07 AM,06:00 PM,-3,-4,0,-4,28,47,77,1.0,1023,3,9,313,19,Texas,1
2011-02-02,3,-3,0.0,10.0,2,0,06:41 AM,05:52 PM,07:09 AM,05:59 PM,-8,-7,-1,-7,33,9,59,0.0,1029,3,10,278,24,Texas,1
2011-02-03,2,-2,0.0,10.0,1,0,07:15 AM,06:46 PM,07:08 AM,05:59 PM,-5,-5,0,-5,27,49,66,0.7,1030,2,10,140,20,Texas,1
2011-02-01,2,-5,13.0,1.0,1,0,06:22 AM,04:24 PM,07:26 AM,05:33 PM,-1,-5,-1,-5,24,99,98,14.9,1019,2,5,158,13,Northern Illinois,1
2011-02-02,3,-8,10.2,1.0,1,0,06:55 AM,05:27 PM,07:25 AM,05:34 PM,-3,-9,-2,-9,51,93,96,11.9,1012,3,3,225,27,Northern Illinois,1
2011-01-26,-2,-8,0.0,3.0,1,48,12:23 AM,10:34 AM,07:06 AM,04:55 PM,-7,-9,-5,-9,15,73,95,0.0,1018,-2,7,284,9,Michigan,1
2011-01-27,-3,-10,0.7,1.0,1,40,01:34 AM,11:14 AM,07:05 AM,04:56 PM,-7,-12,-6,-12,22,93,96,1.8,1014,-3,7,236,15,Michigan,1
2011-01-25,2,-8,0.0,7.0,1,55,No moonrise,10:09 AM,07:13 AM,05:05 PM,-3,-5,-2,-5,11,51,91,0.6,1022,2,9,191,7,Newark,1
2010-12-14,1,-7,0.0,10.0,2,54,12:36 PM,12:47 AM,07:18 AM,05:07 PM,-15,-9,-3,-9,31,0,42,0.0,1017,1,10,301,17,Southern California,1
2010-12-15,2,-7,0.0,10.0,2,62,01:04 PM,01:43 AM,07:19 AM,05:07 PM,-15,-6,-3,-6,18,9,43,0.0,1019,2,10,284,9,Southern California,1
2010-12-14,19,5,0.0,10.0,4,54,12:13 PM,12:27 AM,06:52 AM,04:41 PM,-3,9,10,9,24,3,34,0.0,1014,19,10,270,13,California,1
2010-12-12,10,3,0.0,1.0,2,40,11:30 AM,11:36 PM,07:15 AM,04:37 PM,7,5,7,5,35,99,99,30.2,1000,10,6,174,16,Southeastern Michigan,1
2010-12-13,3,-6,0.0,7.0,1,47,11:53 AM,No moonset,07:15 AM,04:37 PM,-5,-8,-2,-8,39,75,80,5.7,993,3,2,303,24,Southeastern Michigan,1
2010-12-14,-3,-6,0.0,2.0,1,54,12:16 PM,12:34 AM,07:16 AM,04:37 PM,-14,-13,-5,-13,43,83,49,0.0,1004,-3,5,299,26,Southeastern Michigan,1
2010-12-15,-3,-7,0.0,8.0,1,62,12:42 PM,01:33 AM,07:17 AM,04:38 PM,-12,-12,-5,-12,37,43,60,0.0,1011,-3,9,285,23,Southeastern Michigan,1
2010-12-03,19,5,0.0,10.0,4,11,04:38 AM,03:00 PM,06:44 AM,04:40 PM,-7,10,11,10,8,37,33,0.0,1016,19,10,201,4,California,1
2010-12-04,16,7,0.0,9.0,2,4,05:46 AM,03:49 PM,06:44 AM,04:40 PM,-6,9,10,9,11,36,38,0.3,1017,16,10,177,6,California,1
2010-11-23,15,1,0.0,6.0,3,79,06:31 PM,09:08 AM,07:11 AM,04:52 PM,7,7,10,7,41,58,86,1.3,1015,15,10,256,22,Northern California,1
2010-11-21,11,0,0.0,9.0,3,100,04:42 PM,07:09 AM,07:09 AM,04:53 PM,3,2,5,2,28,13,88,0.0,1027,11,7,136,14,Northern and Central California,1
2010-11-22,17,5,0.0,9.0,3,87,05:33 PM,08:10 AM,07:10 AM,04:52 PM,8,9,11,9,28,33,85,0.0,1021,17,10,192,15,Northern and Central California,1
2010-11-23,15,1,0.0,6.0,3,79,06:31 PM,09:08 AM,07:11 AM,04:52 PM,7,7,10,7,41,58,86,1.3,1015,15,10,256,22,Northern and Central California,1
2010-11-24,5,-3,0.0,9.0,1,72,07:37 PM,09:59 AM,07:12 AM,04:51 PM,-4,-1,2,-1,21,37,70,0.0,1025,5,9,201,10,Northern and Central California,1
2010-11-06,5,-2,0.0,8.0,1,0,08:28 AM,06:12 PM,07:51 AM,06:06 PM,-1,-1,2,-1,13,77,86,0.3,1024,5,8,320,8,Northern California,1
2010-10-27,19,9,0.0,11.0,3,65,09:39 PM,12:13 PM,07:40 AM,06:18 PM,9,12,13,12,29,28,80,5.0,1011,19,8,215,15,Northern California,1
2010-10-27,19,9,0.0,11.0,3,65,09:39 PM,12:13 PM,07:40 AM,06:18 PM,9,12,13,12,29,28,80,5.0,1011,19,8,215,15,Northern Illinois,1
2010-10-28,13,6,0.0,11.0,3,58,10:44 PM,01:01 PM,07:41 AM,06:16 PM,5,7,10,7,37,29,89,0.0,1015,13,10,262,17,Northern Illinois,1
2010-10-29,7,1,0.0,6.0,1,51,11:54 PM,01:43 PM,07:42 AM,06:15 PM,1,1,4,1,33,61,84,2.9,1021,7,8,291,18,Northern Illinois,1
2010-10-26,22,11,0.0,8.0,4,72,08:39 PM,11:19 AM,07:39 AM,06:19 PM,14,16,16,16,31,63,89,10.7,1006,22,6,179,15,Northern Illinois,1
2010-10-27,19,9,0.0,11.0,3,65,09:39 PM,12:13 PM,07:40 AM,06:18 PM,9,12,13,12,29,28,80,5.0,1011,19,8,215,15,Northern Illinois,1
2010-10-28,13,6,0.0,11.0,3,58,10:44 PM,01:01 PM,07:41 AM,06:16 PM,5,7,10,7,37,29,89,0.0,1015,13,10,262,17,Northern Illinois,1
2010-08-19,32,18,0.0,13.0,6,63,04:53 PM,01:20 AM,06:17 AM,07:53 PM,19,26,26,25,10,7,71,0.0,1012,32,8,189,5,Southeastern Michigan,1
2010-08-20,32,21,0.0,13.0,7,70,05:35 PM,02:17 AM,06:18 AM,07:52 PM,16,27,27,26,19,6,59,0.0,1013,32,10,279,9,Southeastern Michigan,1
2010-08-21,30,19,0.0,13.0,6,77,06:10 PM,03:18 AM,06:19 AM,07:50 PM,18,26,26,24,16,21,73,0.0,1015,30,10,125,9,Southeastern Michigan,1
2010-08-22,27,21,0.0,5.0,5,84,06:39 PM,04:18 AM,06:20 AM,07:49 PM,22,26,26,24,20,62,93,12.7,1010,27,6,223,11,Southeastern Michigan,1
2010-08-23,27,18,0.0,9.0,5,92,07:06 PM,05:18 AM,06:21 AM,07:48 PM,18,21,22,21,23,61,88,0.8,1011,27,7,170,11,Southeastern Michigan,1
2010-08-11,31,23,0.0,11.0,6,4,07:59 AM,08:43 PM,06:02 AM,08:03 PM,23,30,30,26,15,33,84,9.1,1011,31,7,267,8,Ohio,1
2010-07-29,33,25,0.0,10.0,6,75,09:50 PM,09:25 AM,06:07 AM,08:13 PM,23,32,32,28,24,44,75,17.8,1012,33,8,218,15,Virginia,1
2010-07-29,35,23,0.0,9.0,6,75,10:04 PM,09:40 AM,06:24 AM,08:23 PM,22,32,32,29,15,38,66,2.0,1012,35,9,268,7,Southern California,1
2010-07-29,35,23,0.0,9.0,6,75,10:04 PM,09:40 AM,06:24 AM,08:23 PM,22,32,32,29,15,38,66,2.0,1012,35,9,268,7,Southern California,1
2010-07-23,34,22,0.0,15.0,7,81,06:55 PM,03:25 AM,05:53 AM,08:24 PM,21,31,31,28,20,31,72,0.0,1014,34,10,198,9,Southeastern Michigan,1
2010-07-24,35,28,0.0,14.0,7,88,07:35 PM,04:23 AM,05:53 AM,08:23 PM,23,35,35,31,22,19,63,0.1,1011,35,10,248,12,Southeastern Michigan,1
2010-07-25,35,23,0.0,13.0,6,96,08:07 PM,05:25 AM,05:54 AM,08:22 PM,22,31,31,28,23,20,71,15.0,1011,35,9,282,11,Southeastern Michigan,1
2010-07-26,30,21,0.0,15.0,6,100,08:36 PM,06:25 AM,05:55 AM,08:21 PM,15,26,26,25,18,4,60,0.0,1016,30,10,294,10,Southeastern Michigan,1
2010-07-15,32,22,0.0,15.0,7,23,10:24 AM,10:46 PM,05:46 AM,08:30 PM,22,29,29,26,14,28,79,0.0,1016,32,8,166,7,Southeastern Michigan,1
2010-07-16,33,22,0.0,15.0,7,30,11:37 AM,11:15 PM,05:47 AM,08:29 PM,22,31,31,28,18,28,74,0.0,1013,33,8,229,8,Southeastern Michigan,1
2010-07-17,32,23,0.0,15.0,7,37,12:48 PM,11:45 PM,05:48 AM,08:28 PM,20,29,29,27,17,15,65,0.1,1012,32,10,264,9,Southeastern Michigan,1
2010-07-18,33,23,0.0,15.0,7,45,01:58 PM,No moonset,05:48 AM,08:28 PM,20,30,30,28,20,9,66,0.0,1011,33,10,260,10,Southeastern Michigan,1
2010-07-19,32,23,0.0,13.0,6,52,03:07 PM,12:18 AM,05:49 AM,08:27 PM,22,30,30,27,20,29,80,8.6,1011,32,9,240,9,Southeastern Michigan,1
2010-06-25,26,13,0.0,15.0,6,96,08:28 PM,04:45 AM,05:46 AM,08:50 PM,15,20,21,20,13,22,73,0.0,1017,26,8,295,8,Northern California,1
2010-06-26,29,14,0.0,15.0,6,100,09:13 PM,05:43 AM,05:46 AM,08:50 PM,15,22,23,22,17,16,65,0.0,1012,29,10,222,10,Northern California,1
2010-06-06,22,12,0.0,10.0,4,25,01:54 AM,02:56 PM,05:45 AM,08:43 PM,15,19,19,19,43,61,82,8.9,1003,22,9,278,22,Northern California,1
2010-01-18,3,-1,0.0,6.0,1,17,09:05 AM,08:45 PM,07:36 AM,05:16 PM,0,-3,1,-3,21,83,97,0.1,1013,3,6,276,11,Northern and Central California,1
2010-01-19,0,-3,0.0,1.0,1,24,09:27 AM,09:44 PM,07:35 AM,05:17 PM,-2,-5,-1,-5,21,86,94,0.2,1014,0,8,267,12,Northern and Central California,1
2010-01-20,0,-5,0.0,10.0,1,31,09:49 AM,10:44 PM,07:35 AM,05:19 PM,-5,-6,-3,-6,15,29,88,0.0,1018,0,7,235,8,Northern and Central California,1
2010-01-21,1,-7,0.0,10.0,2,39,10:11 AM,11:46 PM,07:34 AM,05:20 PM,-5,-9,-3,-9,34,36,79,0.3,1019,1,9,117,21,Northern and Central California,1
2010-01-22,2,-1,0.6,2.0,1,46,10:36 AM,No moonset,07:33 AM,05:21 PM,-2,-4,0,-4,23,78,86,2.7,1015,2,8,98,14,Northern and Central California,1
2010-01-23,4,-2,0.0,10.0,1,53,11:06 AM,12:50 AM,07:33 AM,05:22 PM,-3,-4,0,-4,28,28,78,0.0,1020,4,10,122,16,Northern and Central California,1
2010-01-24,9,-1,0.0,5.0,1,60,11:42 AM,01:57 AM,07:32 AM,05:23 PM,2,-2,3,-2,51,62,91,9.0,1009,9,8,147,27,Northern and Central California,1
2010-01-25,11,-1,0.0,1.0,1,68,12:26 PM,03:05 AM,07:31 AM,05:25 PM,4,1,5,1,41,89,93,39.3,994,11,8,240,21,Northern and Central California,1
2010-01-26,-1,-6,0.0,1.0,1,75,01:22 PM,04:12 AM,07:31 AM,05:26 PM,-6,-10,-3,-10,39,100,82,1.2,1008,-1,1,264,24,Northern and Central California,1
2010-01-27,-1,-6,0.0,7.0,1,82,02:28 PM,05:15 AM,07:30 AM,05:27 PM,-8,-11,-4,-11,38,71,80,0.0,1021,-1,5,258,23,Northern and Central California,1
2010-01-28,-1,-13,1.0,1.0,1,90,03:44 PM,06:09 AM,07:29 AM,05:28 PM,-9,-13,-6,-13,45,89,84,3.1,1022,-1,2,273,25,Northern and Central California,1
2009-12-10,-7,-14,0.0,1.0,1,37,01:04 AM,12:28 PM,07:04 AM,04:17 PM,-13,-21,-11,-21,48,96,86,0.0,1015,-7,6,250,31,Michigan,1
2009-12-11,-4,-9,0.0,5.0,1,30,02:13 AM,12:55 PM,07:05 AM,04:17 PM,-9,-13,-7,-13,28,52,86,0.0,1026,-4,10,230,16,Michigan,1
2009-12-12,1,-6,1.1,7.0,1,23,03:22 AM,01:25 PM,07:06 AM,04:17 PM,-6,-8,-2,-8,37,44,75,1.9,1024,1,9,171,20,Michigan,1
2009-12-09,1,-12,5.6,1.0,1,45,12:05 AM,12:13 PM,07:13 AM,04:27 PM,-4,-11,-4,-11,43,100,97,8.0,993,1,2,248,27,Ohio,1
2009-12-10,-14,-19,0.0,4.0,1,37,01:15 AM,12:39 PM,07:14 AM,04:27 PM,-15,-26,-16,-26,39,83,95,0.0,1017,-14,8,256,26,Ohio,1
2009-12-08,5,-4,0.0,10.0,2,52,No moonrise,11:43 AM,06:48 AM,04:40 PM,-7,-4,-1,-4,21,11,66,0.0,1017,5,10,259,10,California,1
2009-12-07,5,-4,0.0,1.0,1,59,10:58 PM,11:13 AM,06:47 AM,04:40 PM,1,-2,2,-2,33,81,89,14.9,1004,5,6,240,19,California,1
2009-12-08,5,-4,0.0,10.0,2,52,No moonrise,11:43 AM,06:48 AM,04:40 PM,-7,-4,-1,-4,21,11,66,0.0,1017,5,10,259,10,California,1
2009-10-13,12,5,0.0,2.0,2,30,02:02 AM,04:04 PM,07:25 AM,06:37 PM,6,6,9,6,30,83,85,0.4,1021,12,8,291,18,Northern California,1
2009-07-21,30,16,0.0,12.0,5,0,05:50 AM,07:56 PM,06:27 AM,08:02 PM,18,22,22,22,16,46,83,13.5,1016,30,8,216,8,San Francisco Bay Area,1
2009-06-12,29,16,0.0,15.0,6,60,11:46 PM,09:24 AM,05:26 AM,08:36 PM,13,23,23,23,12,14,60,0.0,1015,29,10,115,6,Georgia,1
2009-06-13,31,18,0.0,15.0,6,52,No moonrise,10:25 AM,05:26 AM,08:36 PM,14,25,25,25,12,12,61,0.0,1014,31,10,122,6,Georgia,1
2009-03-08,20,8,0.0,11.0,3,81,04:02 PM,04:39 AM,06:25 AM,06:13 PM,7,13,14,13,18,45,74,0.3,1017,20,10,198,9,San Francisco Bay Area,1
2008-11-11,27,20,0.0,10.0,5,93,04:20 PM,03:57 AM,05:44 AM,05:46 PM,20,25,25,23,9,62,92,9.2,1010,27,8,223,4,Island of Puerto Rico,1
2008-11-07,22,10,0.0,11.0,5,62,01:55 PM,12:33 AM,06:45 AM,05:17 PM,11,16,16,16,16,2,73,0.0,1013,22,10,220,9,Southern California,1
2008-09-22,26,25,0.0,4.0,6,39,No moonrise,01:24 PM,06:12 AM,06:19 PM,24,29,29,26,33,85,88,94.3,1013,26,5,131,19,Island of Puerto Rico,1
2008-08-16,33,24,0.0,11.0,6,100,07:40 PM,06:40 AM,06:58 AM,07:40 PM,24,33,33,28,11,43,78,16.8,1012,33,8,76,5,Island of Puerto Rico,1
2008-07-10,25,16,0.0,8.0,4,47,01:52 PM,12:33 AM,06:22 AM,08:05 PM,18,19,20,19,14,68,91,25.3,1014,25,8,169,7,San Francisco Bay Area,1
2008-07-10,27,14,0.0,15.0,6,47,02:16 PM,12:21 AM,05:54 AM,08:47 PM,14,20,21,20,16,20,68,0.0,1017,27,9,314,9,Northern California,0
2014-06-30,32,19,0.0,14.0,7,16,09:10 AM,10:36 PM,06:06 AM,08:36 PM,18,27,27,26,13,25,68,0.0,1016,32,10,174,7,Southern California,0
2014-07-02,30,26,0.0,12.0,6,30,10:09 AM,10:41 PM,05:52 AM,07:04 PM,23,30,30,27,27,36,77,0.5,1017,30,10,88,16,Island of Puerto Rico,0
2014-06-09,27,16,0.0,9.0,5,81,03:27 PM,02:33 AM,05:38 AM,06:38 PM,18,21,21,21,8,65,83,13.7,1012,27,8,197,3,Alberta,0
2014-06-03,27,17,0.0,13.0,5,35,11:05 AM,12:04 AM,05:42 AM,08:38 PM,18,21,22,21,21,46,82,0.3,1013,27,8,248,12,Pennsylvania,0
2014-05-23,18,9,0.0,14.0,3,31,02:43 AM,03:19 PM,05:48 AM,08:29 PM,7,12,13,12,29,44,73,0.1,1016,18,7,301,14,Pennsylvania,0
2014-05-24,21,12,0.0,12.0,4,24,03:07 AM,04:13 PM,05:40 AM,08:18 PM,13,16,16,16,20,33,84,0.4,1017,21,10,327,9,Southeastern Michigan,0
2014-05-25,25,13,0.0,15.0,5,17,03:42 AM,05:18 PM,05:39 AM,08:19 PM,12,19,20,19,17,5,68,0.0,1019,25,10,294,9,Southeastern Michigan,0
2014-04-24,17,5,0.0,12.0,3,21,03:20 AM,03:00 PM,06:04 AM,07:49 PM,8,10,12,10,33,57,80,28.8,1009,17,8,136,18,Ohio,0
2014-04-12,20,5,0.0,13.0,4,89,05:27 PM,05:08 AM,06:41 AM,07:52 PM,6,11,12,11,21,14,71,0.0,1020,20,8,185,12,Northern Illinois,0
2014-04-13,32,13,0.0,13.0,6,96,05:12 PM,04:39 AM,05:56 AM,06:23 PM,11,22,22,22,14,7,57,0.0,1011,32,10,106,4,Alberta,0
2014-04-14,23,16,0.0,8.0,4,100,07:28 PM,06:15 AM,06:46 AM,07:51 PM,16,19,19,19,30,73,84,0.0,1015,23,10,183,16,North Carolina,0
2014-04-15,13,-5,1.7,1.0,1,89,08:33 PM,06:43 AM,06:36 AM,07:55 PM,1,-1,3,-1,37,82,86,5.1,1011,13,5,274,22,Northern and Central California,0
2014-03-20,10,3,0.0,12.0,2,67,11:32 PM,09:11 AM,07:06 AM,07:14 PM,1,2,6,2,33,38,77,0.0,1012,10,10,274,17,Southeastern Michigan,0
2014-03-12,17,6,0.0,4.0,3,75,03:42 PM,04:45 AM,07:19 AM,07:09 PM,11,12,14,12,46,65,88,1.9,998,17,9,222,27,Virginia,0
2014-03-13,3,0,0.0,12.0,2,82,04:36 PM,05:20 AM,07:18 AM,07:10 PM,-8,-5,2,-5,50,6,52,0.0,1013,3,9,314,33,Virginia,0
2014-03-03,-8,-22,0.0,9.0,1,9,07:50 AM,09:08 PM,06:43 AM,06:05 PM,-17,-20,-13,-20,24,51,82,0.6,1028,-8,8,342,13,Pennsylvania,0
2014-02-12,9,-2,0.0,10.0,2,89,04:23 PM,06:04 AM,08:01 AM,06:30 PM,1,2,3,2,10,19,85,0.0,1025,9,10,152,5,Georgia,0
2014-02-13,14,4,0.0,11.0,3,97,05:17 PM,05:53 AM,07:00 AM,06:07 PM,4,8,9,8,15,3,74,0.0,1018,14,10,246,8,Texas,0
2014-02-14,11,2,0.0,11.0,3,100,05:44 PM,06:20 AM,06:53 AM,05:43 PM,3,2,6,2,39,12,84,0.0,1006,11,10,238,25,Virginia,0
2014-02-15,27,11,0.0,12.0,5,88,06:56 PM,06:46 AM,06:33 AM,06:12 PM,10,18,18,18,21,3,65,0.0,1016,27,9,58,8,Alberta,0
2014-02-07,-5,-15,0.0,10.0,2,51,11:47 AM,01:30 AM,07:16 AM,05:37 PM,-13,-18,-11,-18,23,17,76,0.0,1028,-5,10,266,14,Pennsylvania,0
2014-02-06,-6,-11,0.0,10.0,1,44,11:11 AM,12:33 AM,07:20 AM,05:39 PM,-11,-15,-9,-15,22,46,84,0.0,1028,-6,9,278,13,Northern Illinois,0
2014-02-05,28,19,0.0,10.0,5,36,11:04 AM,No moonset,06:45 AM,06:12 PM,21,24,24,23,12,64,89,1.3,1013,28,6,263,6,Island of Puerto Rico,0
2014-02-08,-7,-16,0.0,3.0,1,59,12:30 PM,02:25 AM,07:15 AM,05:38 PM,-14,-16,-12,-16,11,48,76,0.3,1027,-7,10,275,7,Pennsylvania,0
2014-02-09,5,-6,0.0,10.0,2,66,01:48 PM,03:51 AM,08:04 AM,06:26 PM,-7,-2,-1,-2,10,14,70,0.0,1024,5,10,88,5,Georgia,0
2014-02-10,17,6,0.0,1.0,3,74,02:42 PM,03:49 AM,07:03 AM,06:05 PM,12,12,13,12,27,91,94,7.2,1018,17,7,161,17,Texas,0
2014-02-11,7,3,0.0,1.0,1,81,03:33 PM,04:33 AM,07:02 AM,06:06 PM,3,0,4,0,32,95,92,11.2,1021,7,7,91,24,Texas,0
2014-02-16,-4,-13,0.0,1.0,1,81,07:48 PM,07:36 AM,07:08 AM,05:51 PM,-10,-15,-9,-15,22,95,91,1.8,1019,-4,6,279,14,Northern California,0
2014-02-17,-5,-14,0.0,10.0,1,73,08:43 PM,08:02 AM,07:03 AM,05:49 PM,-12,-14,-9,-14,19,32,78,0.0,1027,-5,9,213,10,Pennsylvania,0
2014-02-18,8,-4,0.0,11.0,2,66,09:38 PM,08:24 AM,06:54 AM,05:41 PM,0,-3,2,-3,35,21,89,0.0,1009,8,10,232,21,Illinois,0
2014-02-19,16,7,0.0,10.0,3,58,10:31 PM,09:00 AM,06:48 AM,05:49 PM,9,10,12,10,38,46,87,3.0,1016,16,9,217,22,Virginia,0
2014-02-20,24,5,0.0,12.0,3,51,11:26 PM,09:58 AM,06:40 AM,06:04 PM,-1,13,13,13,13,35,43,0.0,1015,24,10,195,7,San Francisco Bay Area,0
2014-02-21,16,0,0.0,11.0,3,43,12:16 AM,10:51 AM,07:49 AM,06:41 PM,0,6,8,6,18,9,57,0.0,1017,16,10,311,11,Georgia,0
2014-02-22,9,-2,0.0,11.0,2,36,12:33 AM,10:47 AM,06:40 AM,05:39 PM,1,-1,3,-1,26,7,78,0.0,1017,9,10,236,15,New York,0
2014-02-23,10,0,0.0,9.0,1,28,01:35 AM,11:39 AM,06:39 AM,05:41 PM,3,2,4,2,16,54,88,0.2,1014,10,10,240,9,New York,0
2014-01-22,-9,-16,0.0,10.0,2,52,11:35 PM,10:12 AM,07:15 AM,05:02 PM,-16,-21,-12,-21,32,33,75,0.2,1012,-9,8,302,23,Newark,0
2014-01-18,9,0,0.0,9.0,1,81,07:54 PM,08:40 AM,07:50 AM,04:51 PM,-4,2,3,2,11,24,51,0.0,1024,9,10,164,5,Tacoma,0
2014-01-17,26,24,0.0,12.0,6,89,07:33 PM,07:42 AM,06:59 AM,06:09 PM,20,27,27,25,25,29,77,0.0,1017,26,10,100,16,Island of Puerto Rico,0
2014-01-07,-17,-24,0.0,8.0,1,39,11:25 AM,No moonset,07:39 AM,05:04 PM,-23,-32,-20,-32,44,70,80,0.0,1028,-17,10,260,26,Northern and Central California,0
2014-01-08,-8,-17,0.0,3.0,1,46,11:30 AM,12:16 AM,07:15 AM,04:34 PM,-13,-18,-13,-18,13,77,90,0.0,1030,-8,9,244,8,Michigan,0
2014-01-09,18,16,0.0,1.0,4,53,12:57 PM,01:35 AM,07:15 AM,05:39 PM,15,17,17,17,32,94,87,0.0,1021,18,6,144,20,Texas,0
2014-01-06,4,-7,0.0,9.0,2,31,11:26 AM,No moonset,08:28 AM,05:46 PM,-10,-3,-2,-3,7,14,61,0.0,1029,4,10,95,4,Georgia,0
2013-12-22,6,-4,0.0,9.0,2,63,10:30 PM,11:07 AM,08:25 AM,05:34 PM,-6,-3,0,-3,18,3,70,0.0,1033,6,10,306,9,Georgia,0
2013-12-23,11,-2,0.0,4.0,1,56,10:59 PM,10:56 AM,07:34 AM,04:49 PM,3,2,5,2,25,67,86,3.1,1020,11,8,288,15,Pennsylvania,0
2013-12-24,8,1,0.0,7.0,2,48,11:49 PM,11:17 AM,07:15 AM,04:53 PM,1,1,5,1,42,50,75,19.0,1024,8,8,343,29,Virginia,0
2013-12-25,-3,-9,0.0,4.0,1,41,No moonrise,11:47 AM,07:28 AM,04:39 PM,-7,-12,-6,-12,28,81,91,0.2,1024,-3,7,239,17,Illinois,0
2013-12-13,-2,-10,0.0,9.0,1,72,02:30 PM,03:50 AM,07:31 AM,04:48 PM,-8,-12,-6,-12,25,52,86,0.0,1025,-2,10,249,14,Northern Illinois,0
2013-12-14,5,-4,6.8,1.0,1,79,02:50 PM,04:30 AM,07:13 AM,04:30 PM,-3,-8,-2,-8,31,96,94,15.3,1026,5,5,48,19,Newark,0
2013-12-15,7,5,0.0,7.0,2,86,03:33 PM,06:05 AM,07:50 AM,04:20 PM,5,4,6,4,20,82,94,1.2,1029,7,3,196,9,Tacoma,0
2013-12-16,-6,-12,0.0,4.0,1,93,04:26 PM,06:30 AM,07:24 AM,04:35 PM,-9,-15,-9,-15,17,71,94,0.4,1020,-6,7,166,11,Illinois,0
2013-12-17,20,13,0.0,5.0,4,100,06:12 PM,06:33 AM,06:28 AM,05:42 PM,13,16,16,16,19,65,84,1.9,1019,20,8,45,7,Alberta,0
2013-12-18,-2,-7,0.0,5.0,1,100,06:21 PM,08:12 AM,07:34 AM,04:50 PM,-7,-11,-5,-11,30,62,89,0.0,1021,-2,7,255,18,Northern and Central California,0
2013-12-19,16,8,0.0,6.0,3,85,07:37 PM,08:22 AM,06:52 AM,05:19 PM,5,10,11,10,32,57,62,15.8,1014,16,9,215,10,San Francisco Bay Area,0
2013-12-20,10,3,0.0,1.0,2,77,08:28 PM,09:02 AM,06:53 AM,05:20 PM,8,6,8,6,51,99,98,100.8,1009,10,5,216,15,San Francisco Bay Area,0
2013-12-21,1,0,22.5,1.0,1,70,08:40 PM,09:35 AM,07:12 AM,04:20 PM,0,-3,0,-3,19,98,96,23.6,1009,1,7,130,13,Michigan,0
2013-12-26,-1,-7,0.0,9.0,1,34,12:37 AM,12:01 PM,07:14 AM,04:23 PM,-6,-9,-4,-9,32,55,88,0.2,1024,-1,8,228,19,Michigan,0
2013-12-27,2,-7,0.0,9.0,1,27,02:06 AM,01:05 PM,07:38 AM,04:55 PM,-5,-7,-2,-7,27,35,86,0.0,1027,2,9,233,14,Northern and Central California,0
2013-11-21,13,4,0.0,7.0,2,69,08:40 PM,10:06 AM,07:01 AM,05:06 PM,5,7,8,7,13,77,81,0.0,1031,13,10,75,8,North Carolina,0
2013-11-22,18,11,0.0,10.0,3,61,09:19 PM,10:33 AM,06:50 AM,04:50 PM,12,15,15,15,22,45,86,0.4,1023,18,8,208,14,Virginia,0
2013-11-17,8,4,0.0,4.0,2,100,04:53 PM,07:16 AM,07:18 AM,04:32 PM,6,4,7,4,27,81,95,5.9,1011,8,7,186,12,Tacoma,0
2013-11-18,6,0,0.0,10.0,2,100,05:44 PM,07:45 AM,06:56 AM,04:41 PM,-2,0,4,0,36,0,69,0.0,1021,6,10,298,22,Illinois,0
2013-11-19,4,-3,0.0,9.0,1,84,06:43 PM,08:44 AM,07:07 AM,04:54 PM,-4,-4,0,-4,28,32,77,0.0,1024,4,9,229,16,Northern California,0
2013-11-20,22,15,0.0,7.0,4,76,08:06 PM,09:13 AM,06:48 AM,05:23 PM,15,19,20,19,31,52,77,2.4,1016,22,10,97,20,Texas,0
2013-10-19,30,22,0.0,7.0,6,100,05:38 PM,05:24 AM,05:27 AM,05:23 PM,22,29,29,26,8,56,84,11.5,1009,30,6,262,3,North Carolina,0
2013-09-11,29,20,0.0,12.0,5,41,01:21 PM,11:23 PM,06:52 AM,07:31 PM,21,26,26,24,20,35,85,0.5,1018,29,7,230,10,Northern Illinois,0
2013-09-12,31,18,0.0,13.0,6,49,01:50 PM,No moonset,06:33 AM,07:03 PM,3,24,24,24,20,3,25,0.0,1012,31,10,278,13,California,0
2013-09-13,23,14,0.0,13.0,5,56,03:01 PM,12:08 AM,06:41 AM,07:14 PM,14,20,20,20,26,27,78,3.2,1008,23,9,329,13,Southeastern Michigan,0
2013-09-14,18,7,0.0,13.0,4,64,04:06 PM,01:23 AM,06:55 AM,07:26 PM,5,10,11,10,16,28,76,0.0,1019,18,7,293,7,Northern and Central California,0
2013-09-15,18,11,0.0,1.0,3,71,04:26 PM,02:03 AM,06:28 AM,06:56 PM,10,14,14,14,18,75,78,7.9,1017,18,6,138,9,Michigan,0
2013-07-22,26,17,0.0,6.0,5,98,08:23 PM,05:58 AM,06:03 AM,08:40 PM,19,21,22,21,11,54,88,28.4,1011,26,7,181,6,Northern Illinois,0
2013-07-19,33,22,0.0,13.0,6,76,05:33 PM,02:54 AM,06:15 AM,08:32 PM,22,30,30,27,21,28,81,1.6,1017,33,8,222,11,North Carolina,0
2013-07-20,32,24,0.0,11.0,6,84,06:24 PM,03:20 AM,05:43 AM,08:23 PM,24,32,32,28,27,42,82,17.2,1008,32,8,259,13,Newark,0
2013-07-21,28,19,0.0,14.0,5,91,07:13 PM,04:17 AM,05:32 AM,08:16 PM,20,25,25,23,15,25,86,3.8,1013,28,9,126,9,Michigan,0
2013-07-05,24,19,0.0,5.0,5,11,03:46 AM,04:14 PM,05:58 AM,06:12 PM,19,21,23,21,8,75,88,21.5,1015,24,9,212,3,Island of Puerto Rico,0
2013-07-02,26,21,0.0,11.0,5,32,01:33 AM,03:42 PM,05:30 AM,08:31 PM,22,26,26,24,24,71,92,11.4,1020,26,9,194,12,Newark,0
2013-07-03,28,18,0.0,13.0,5,25,02:27 AM,04:58 PM,05:49 AM,08:50 PM,19,24,24,23,18,57,82,1.5,1020,28,9,181,10,Northern Illinois,0
2013-07-04,30,22,0.0,10.0,6,18,03:21 AM,05:41 PM,06:08 AM,08:35 PM,22,28,28,25,23,65,85,2.5,1023,30,10,151,13,Southern California,0
2013-06-24,27,15,0.0,11.0,5,87,08:04 PM,06:53 AM,05:40 AM,06:42 PM,16,20,21,20,20,31,78,2.7,1015,27,9,70,6,Alberta,0
2013-06-25,30,19,0.0,15.0,6,79,10:33 PM,08:24 AM,05:46 AM,08:50 PM,18,25,25,24,30,43,77,0.4,1014,30,8,244,15,Northern and Central California,0
2013-06-19,24,12,0.0,15.0,5,76,04:38 PM,02:28 AM,05:44 AM,08:49 PM,9,17,18,17,16,21,70,0.0,1018,24,9,59,8,Northern and Central California,0
2013-06-03,30,24,0.0,11.0,6,22,03:03 AM,03:48 PM,06:40 AM,07:46 PM,24,30,30,27,11,65,84,15.2,1009,30,8,237,5,Island of Puerto Rico,0
2013-04-23,16,3,0.0,4.0,3,91,05:30 PM,04:24 AM,05:55 AM,07:38 PM,9,8,10,8,35,70,90,14.7,1014,16,9,178,20,Michigan,0
2013-04-16,10,6,0.0,13.0,2,38,10:22 AM,12:29 AM,06:05 AM,07:30 PM,4,5,7,5,22,51,78,8.8,1020,10,9,168,12,Michigan,0
2013-04-17,19,10,0.0,13.0,3,46,11:45 AM,01:35 AM,06:33 AM,07:57 PM,10,14,14,14,17,43,80,0.9,1022,19,9,133,9,Northern California,0
2013-04-18,23,13,0.0,13.0,4,54,12:42 PM,02:12 AM,06:31 AM,07:58 PM,14,17,18,17,42,35,83,0.1,1015,23,10,159,24,Northern California,0
2013-01-20,21,10,0.0,12.0,5,56,01:00 PM,01:17 AM,06:39 AM,06:01 PM,11,15,15,15,22,23,81,0.0,1018,21,10,54,9,Alberta,0
2013-01-21,-3,-11,0.0,2.0,1,63,12:58 PM,03:00 AM,07:34 AM,05:20 PM,-12,-13,-7,-13,33,63,66,1.0,1017,-3,5,265,18,Northern California,0
2013-01-22,1,-4,0.0,10.0,2,70,01:57 PM,03:44 AM,07:25 AM,05:34 PM,-12,-6,-1,-6,25,7,47,0.0,1023,1,10,303,15,North Carolina,0
2013-01-23,-10,-16,0.0,5.0,1,78,02:31 PM,04:42 AM,07:33 AM,05:22 PM,-18,-20,-13,-20,26,56,80,0.0,1024,-10,9,252,13,Northern California,0
2012-12-31,10,-1,0.0,10.0,2,78,08:37 PM,09:14 AM,07:26 AM,05:16 PM,-4,1,4,1,20,21,57,0.0,1026,10,10,244,10,Southern California,0
2012-12-17,-3,-7,0.0,2.0,1,23,11:15 AM,10:32 PM,08:22 AM,05:32 PM,-8,-8,-5,-8,10,75,92,0.0,1029,-3,6,39,7,Georgia,0
2012-12-03,17,12,0.0,9.0,3,64,09:29 PM,10:26 AM,07:00 AM,04:47 PM,12,13,14,13,18,44,90,0.0,1024,17,10,212,9,Virginia,0
2012-12-02,10,4,0.0,9.0,2,71,08:16 PM,09:51 AM,07:03 AM,04:29 PM,6,6,7,6,16,76,93,3.5,1025,10,7,166,10,Newark,0
2012-12-04,18,8,0.0,7.0,3,56,10:35 PM,11:15 AM,07:23 AM,04:48 PM,11,12,13,12,33,47,88,5.6,1018,18,9,225,17,Northern California,0
2012-10-29,6,3,0.0,1.0,1,97,06:05 PM,07:31 AM,07:43 AM,06:14 PM,4,0,5,0,45,100,96,58.1,997,6,7,334,25,Northern California,0
2012-10-30,7,5,0.0,1.0,2,100,06:12 PM,08:05 AM,07:18 AM,05:44 PM,2,1,6,1,61,88,76,5.8,1008,7,9,343,36,Michigan,0
2012-10-31,10,6,0.0,10.0,2,100,07:02 PM,09:05 AM,07:26 AM,05:53 PM,4,6,8,6,20,55,81,0.8,1000,10,9,237,13,New York,0
2012-11-02,7,3,0.0,10.0,2,70,08:25 PM,10:43 AM,07:22 AM,05:40 PM,1,2,5,2,26,55,74,0.1,1017,7,10,255,14,Michigan,0
2012-11-03,13,11,0.0,1.0,3,62,09:30 PM,12:11 PM,07:57 AM,05:49 PM,11,11,12,11,18,92,95,6.9,1018,13,7,183,8,Tacoma,0
2012-11-04,4,-1,0.0,11.0,1,55,10:44 PM,12:32 PM,07:50 AM,06:07 PM,-3,-1,1,-1,17,56,80,0.0,1020,4,9,314,9,Northern and Central California,0
2012-10-25,25,12,0.0,11.0,5,67,04:06 PM,03:31 AM,07:38 AM,06:20 PM,12,17,18,17,23,14,75,0.0,1019,25,10,153,13,Northern Illinois,0
2012-10-14,28,24,0.0,10.0,6,0,06:22 AM,06:11 PM,07:21 AM,06:50 PM,22,29,29,26,23,51,78,1.3,1016,28,9,208,14,Texas,0
2012-09-11,26,14,0.0,13.0,5,16,02:22 AM,04:31 PM,06:58 AM,07:30 PM,11,19,20,19,15,7,62,0.0,1024,26,10,82,8,Southern California,0
2012-09-08,24,12,0.0,13.0,4,39,No moonrise,02:28 PM,06:46 AM,07:32 PM,16,17,18,17,28,37,93,14.2,1006,24,7,237,14,Pennsylvania,0
2012-09-09,27,14,0.0,11.0,4,31,12:47 AM,02:43 PM,06:51 AM,07:19 PM,14,19,20,19,24,29,78,2.9,1016,27,8,85,11,San Francisco Bay Area,0
2012-09-05,26,23,0.0,7.0,5,62,09:55 PM,11:36 AM,06:34 AM,07:27 PM,23,26,26,24,22,54,93,16.1,1010,26,8,180,12,Southeastern Michigan,0
2012-08-11,26,22,0.0,12.0,5,34,12:37 AM,03:36 PM,06:10 AM,08:03 PM,22,26,26,23,21,56,96,14.2,1010,26,8,203,8,Southeastern Michigan,0
2012-07-24,30,26,0.0,10.0,6,35,11:59 AM,11:41 PM,06:35 AM,08:16 PM,24,33,33,28,18,41,81,6.7,1017,30,8,175,11,Texas,0
2012-07-19,35,23,0.0,13.0,6,0,06:46 AM,08:41 PM,06:15 AM,08:32 PM,22,31,31,28,19,44,75,1.2,1014,35,8,235,10,North Carolina,0
2012-07-18,29,15,0.0,15.0,6,0,05:29 AM,07:41 PM,05:52 AM,08:05 PM,4,22,22,23,22,32,32,0.0,1014,29,10,238,12,California,0
2012-07-09,34,23,0.0,10.0,6,59,No moonrise,12:20 PM,06:09 AM,08:37 PM,23,31,31,28,16,44,81,24.7,1012,34,7,152,8,North Carolina,0
2012-07-06,30,23,0.0,7.0,6,81,10:20 PM,09:34 AM,06:46 AM,07:53 PM,22,29,29,26,20,49,86,0.0,1012,30,5,96,9,Island of Puerto Rico,0
2012-07-02,32,23,0.0,12.0,6,90,07:00 PM,05:30 AM,06:45 AM,07:53 PM,24,31,31,27,13,47,85,2.3,1012,32,7,81,6,Island of Puerto Rico,0
2012-07-03,33,15,0.0,15.0,6,97,08:42 PM,05:41 AM,05:49 AM,08:49 PM,16,25,25,24,16,16,66,0.0,1013,33,10,215,9,Northern Illinois,0
2012-06-29,40,23,0.0,11.0,7,71,04:25 PM,02:08 AM,06:03 AM,08:39 PM,18,34,34,31,23,18,50,2.5,1009,40,10,278,11,North Carolina,0
2012-06-30,33,21,0.0,15.0,7,78,05:28 PM,02:29 AM,05:37 AM,08:35 PM,19,29,29,27,19,14,74,0.5,1008,33,10,281,9,Southeastern Michigan,0
2012-07-04,34,25,0.0,14.0,6,100,09:01 PM,06:22 AM,05:19 AM,08:25 PM,24,34,34,29,22,13,84,0.1,1011,34,9,242,11,Michigan,0
2012-04-21,13,2,0.0,7.0,2,0,06:04 AM,08:28 PM,06:08 AM,07:46 PM,2,7,7,7,13,48,69,0.0,1017,13,10,50,6,Ohio,0
2012-04-22,10,6,0.0,1.0,2,3,06:44 AM,09:23 PM,06:13 AM,07:48 PM,7,5,8,5,32,92,91,54.1,1003,10,6,183,18,Southeastern Michigan,0
2012-04-23,13,8,0.0,6.0,2,11,07:32 AM,10:10 PM,06:19 AM,07:46 PM,6,7,10,7,37,67,78,1.6,999,13,9,279,24,Virginia,0
2012-04-19,26,9,0.0,13.0,5,0,05:09 AM,06:22 PM,06:14 AM,07:29 PM,5,17,17,17,21,1,45,0.0,1015,26,10,281,12,California,0
2012-04-15,25,14,0.0,13.0,4,26,03:31 AM,02:54 PM,06:44 AM,07:52 PM,15,19,20,19,33,41,84,0.0,1021,25,10,220,18,North Carolina,0
2012-04-12,23,10,0.0,12.0,4,49,01:11 AM,10:53 AM,06:25 AM,07:39 PM,9,16,17,16,13,47,73,0.5,1010,23,9,181,8,Georgia,0
2012-04-07,14,-1,0.0,13.0,3,87,09:15 PM,06:55 AM,06:45 AM,07:44 PM,-5,3,6,3,25,2,50,0.0,1022,14,10,324,13,Pennsylvania,0
2012-03-26,8,-3,0.0,12.0,2,22,08:55 AM,11:45 PM,07:08 AM,07:34 PM,-3,-1,3,-1,35,8,66,0.0,1021,8,10,323,20,Northern Illinois,0
2012-03-23,25,13,0.0,12.0,4,0,07:21 AM,08:52 PM,07:13 AM,07:31 PM,12,18,19,18,18,13,68,0.2,1016,25,10,142,10,Northern Illinois,0
2012-03-04,2,-4,0.0,10.0,1,77,02:20 PM,04:03 AM,06:43 AM,06:10 PM,-7,-7,-1,-7,31,51,67,0.6,1009,2,8,279,19,Northern Illinois,0
2012-03-05,1,-6,0.0,12.0,2,84,03:27 PM,04:41 AM,06:42 AM,06:11 PM,-10,-8,-3,-8,27,41,65,0.1,1022,1,8,298,15,Northern Illinois,0
2012-02-14,1,-3,0.0,2.0,1,41,12:31 AM,10:22 AM,06:45 AM,05:19 PM,-3,-5,-1,-5,21,83,90,1.6,1013,1,8,216,13,Michigan,0
2012-02-15,17,7,0.0,10.0,3,34,01:25 AM,12:15 PM,06:45 AM,06:00 PM,6,10,11,10,23,60,78,0.9,1016,17,7,201,10,San Francisco Bay Area,0
2012-02-11,-2,-11,0.5,1.0,1,64,10:32 PM,08:54 AM,07:15 AM,05:45 PM,-7,-12,-6,-12,31,98,93,2.9,1012,-2,1,271,19,Northern Illinois,0
2012-01-24,9,2,0.0,10.0,3,0,07:41 AM,06:53 PM,07:13 AM,05:03 PM,3,3,6,3,25,19,85,0.1,1017,9,10,274,15,New York,0
2012-01-15,5,-2,0.0,10.0,2,50,No moonrise,10:59 AM,07:28 AM,05:26 PM,-6,-2,1,-2,20,13,60,0.0,1029,5,10,215,11,North Carolina,0
2012-01-13,8,-2,0.0,9.0,1,65,10:03 PM,09:31 AM,07:20 AM,04:51 PM,-2,-3,2,-3,45,47,75,3.8,1001,8,7,232,27,Newark,0
2012-01-12,14,4,0.0,9.0,3,72,08:59 PM,08:56 AM,07:01 AM,05:00 PM,-12,6,8,6,20,20,23,0.0,1019,14,10,61,11,California,0
2012-01-04,-4,-17,0.0,7.0,1,70,01:23 PM,03:25 AM,07:40 AM,05:01 PM,-12,-14,-9,-14,26,63,86,0.0,1021,-4,8,227,14,Northern and Central California,0
2011-12-31,5,2,0.0,1.0,1,37,11:21 AM,No moonset,07:39 AM,04:57 PM,2,0,3,0,25,78,93,1.6,1014,5,8,244,15,Northern and Central California,0
2011-12-20,3,1,0.0,6.0,1,25,02:45 AM,01:14 PM,07:26 AM,04:36 PM,0,-2,2,-2,23,59,88,1.9,1016,3,7,77,14,Illinois,0
2011-12-08,1,-5,0.0,7.0,1,88,03:07 PM,05:23 AM,07:12 AM,04:27 PM,-7,-6,-2,-6,15,62,71,0.3,1023,1,10,272,10,Ohio,0
2011-12-05,17,13,0.0,6.0,4,66,01:40 PM,02:25 AM,07:02 AM,04:47 PM,13,15,15,15,22,49,88,0.0,1026,17,10,142,13,Virginia,0
2011-12-06,0,-4,0.0,1.0,1,74,02:03 PM,03:32 AM,07:15 AM,04:34 PM,-4,-5,-1,-5,18,90,85,1.4,1026,0,4,170,11,Illinois,0
2011-12-02,11,3,0.0,9.0,3,44,12:14 PM,No moonset,07:05 AM,04:37 PM,2,4,6,4,16,2,75,0.0,1029,11,10,276,10,Southeastern Michigan,0
2011-12-03,7,-2,0.0,9.0,2,52,12:53 PM,12:45 AM,07:22 AM,04:48 PM,-3,-2,1,-2,23,13,75,0.0,1034,7,10,127,12,Northern and Central California,0
2011-12-04,25,11,0.0,11.0,5,59,01:32 PM,01:26 AM,06:21 AM,05:37 PM,12,17,17,17,15,12,75,0.0,1014,25,10,69,4,Alberta,0
2011-12-07,7,-2,8.5,1.0,1,81,02:44 PM,04:34 AM,07:22 AM,04:44 PM,3,2,4,2,20,91,95,36.1,1010,7,5,288,10,Pennsylvania,0
2011-10-29,11,2,0.0,10.0,3,12,10:51 AM,08:19 PM,07:26 AM,05:57 PM,-2,4,6,4,19,9,60,0.0,1019,11,10,251,11,Ohio,0
2011-10-30,5,-4,0.0,11.0,2,19,12:01 PM,09:42 PM,07:43 AM,06:14 PM,-3,-2,0,-2,11,13,89,0.0,1025,5,8,195,5,Northern Illinois,0
2011-10-31,5,-4,0.0,4.0,1,23,12:47 PM,10:43 PM,07:41 AM,06:09 PM,-1,-2,1,-2,16,58,96,0.0,1026,5,3,149,8,Pennsylvania,0
2011-11-02,15,6,0.0,8.0,3,43,01:50 PM,No moonset,07:31 AM,05:52 PM,6,9,11,9,31,63,74,4.0,1016,15,8,146,20,Ohio,0
2011-11-03,16,8,0.0,11.0,4,50,02:18 PM,12:49 AM,07:30 AM,06:05 PM,8,12,12,12,15,1,71,0.0,1019,16,10,214,9,Virginia,0
2011-11-04,10,3,0.0,10.0,3,58,02:41 PM,01:36 AM,07:30 AM,05:49 PM,3,5,8,5,30,12,71,0.0,1018,10,10,82,18,New York,0
2011-11-05,20,7,0.0,11.0,4,65,02:21 PM,01:56 AM,06:20 AM,05:23 PM,6,11,12,11,31,35,76,0.0,1014,20,9,218,13,San Francisco Bay Area,0
2011-11-06,25,22,0.0,11.0,5,73,04:02 PM,03:58 AM,07:37 AM,06:30 PM,19,25,25,23,30,67,81,0.0,1017,25,10,134,18,Texas,0
2011-11-07,19,7,0.0,11.0,4,80,03:24 PM,03:50 AM,06:44 AM,05:18 PM,9,12,12,12,16,1,81,0.0,1027,19,8,59,9,Southern California,0
2011-08-28,32,21,0.0,13.0,7,0,06:10 AM,07:20 PM,06:46 AM,07:51 PM,13,27,27,26,24,3,53,0.0,1004,32,10,298,12,North Carolina,0
2011-08-29,33,19,0.0,13.0,7,0,07:21 AM,07:55 PM,06:48 AM,07:49 PM,19,27,27,25,17,20,73,0.0,1010,33,9,97,9,Southern California,0
2011-08-30,24,15,0.0,12.0,4,5,08:17 AM,08:07 PM,06:21 AM,07:35 PM,15,19,20,19,22,54,84,9.9,1015,24,9,132,12,Ohio,0
2011-08-31,25,15,0.0,7.0,4,9,08:20 AM,08:22 PM,05:56 AM,06:22 PM,18,20,20,20,9,73,90,60.2,1011,25,8,219,3,Alberta,0
2011-09-02,22,10,0.0,13.0,5,28,12:39 PM,09:56 PM,06:30 AM,07:48 PM,9,15,16,15,15,18,70,0.0,1022,22,10,155,7,Tacoma,0
2011-09-03,26,17,0.0,12.0,5,36,01:06 PM,10:45 PM,06:24 AM,07:26 PM,19,22,23,22,19,31,88,0.0,1014,26,9,220,12,New York,0
2011-08-27,37,26,0.0,13.0,8,2,05:15 AM,06:40 PM,06:54 AM,07:48 PM,23,36,36,31,24,8,68,0.0,1011,37,10,237,14,Texas,0
2011-08-26,28,14,0.0,13.0,6,9,03:36 AM,06:09 PM,06:32 AM,07:54 PM,16,21,21,21,12,28,77,0.0,1015,28,8,80,6,Pennsylvania,0
2011-08-24,27,15,0.0,9.0,5,24,01:27 AM,02:46 PM,05:55 AM,06:26 PM,17,20,21,20,10,52,83,2.9,1012,27,7,104,3,Alberta,0
2011-08-25,29,21,0.0,9.0,5,16,02:20 AM,05:18 PM,06:23 AM,07:45 PM,21,26,26,23,26,56,89,5.3,1012,29,9,204,11,Southeastern Michigan,0
2011-08-23,29,17,0.0,13.0,6,31,12:02 AM,03:31 PM,06:17 AM,07:50 PM,14,23,23,23,18,14,68,0.0,1016,29,10,243,8,Georgia,0
2011-08-20,29,14,0.0,14.0,6,53,11:06 PM,01:08 PM,06:26 AM,08:03 PM,15,21,22,21,9,6,71,0.0,1015,29,9,211,4,Pennsylvania,0
2011-08-21,32,22,0.0,10.0,6,46,No moonrise,01:57 PM,06:41 AM,07:59 PM,23,30,30,26,22,44,83,4.8,1014,32,9,213,11,Southern California,0
2011-08-22,27,14,0.0,13.0,6,38,No moonrise,02:59 PM,06:19 AM,07:53 PM,16,21,22,21,13,5,81,0.0,1016,27,10,163,6,Illinois,0
2011-08-02,24,16,0.0,8.0,4,16,08:34 AM,08:55 PM,05:51 AM,06:38 PM,18,19,20,19,11,68,91,41.7,1012,24,8,134,3,Alberta,0
2011-08-03,23,19,0.0,7.0,5,24,10:51 AM,10:24 PM,06:13 AM,08:28 PM,19,21,22,21,18,80,91,13.2,1006,23,8,234,8,Northern California,0
2011-08-04,36,26,0.0,14.0,8,31,11:59 AM,11:10 PM,06:28 AM,08:18 PM,22,34,34,30,16,26,71,0.0,1009,36,10,97,8,Southern California,0
2011-08-05,34,26,0.0,14.0,7,38,01:03 PM,No moonset,06:42 AM,08:09 PM,24,35,35,30,24,13,79,0.0,1013,34,10,200,13,Texas,0
2011-07-23,32,26,0.0,13.0,6,42,No moonrise,02:04 PM,06:02 AM,08:18 PM,24,35,35,29,31,16,84,0.9,1014,32,9,229,18,Virginia,0
2011-07-24,28,20,0.0,15.0,6,34,12:07 AM,02:52 PM,05:47 AM,08:27 PM,15,26,26,25,16,38,69,1.2,1012,28,9,225,8,Georgia,0
2011-07-22,32,18,0.0,15.0,6,49,11:54 PM,12:59 PM,05:54 AM,08:03 PM,5,24,24,25,31,0,29,0.0,1010,32,10,250,18,California,0
2011-07-14,26,18,0.0,15.0,6,93,08:00 PM,04:54 AM,05:38 AM,08:27 PM,15,22,22,22,25,7,72,0.0,1015,26,10,155,14,Newark,0
2011-07-12,28,20,0.0,13.0,5,78,06:30 PM,02:52 AM,05:34 AM,08:32 PM,21,26,26,24,15,42,86,0.3,1014,28,7,164,8,Ohio,0
2011-07-11,30,24,0.0,13.0,6,71,05:30 PM,02:00 AM,05:34 AM,08:33 PM,25,31,31,27,19,42,93,18.5,1010,30,7,262,10,Ohio,0
2011-07-04,26,16,0.0,15.0,6,20,09:30 AM,10:51 PM,05:49 AM,08:49 PM,16,21,22,21,12,19,74,0.0,1014,26,10,220,7,Northern Illinois,0
2011-06-30,32,20,0.0,15.0,7,0,04:22 AM,07:54 PM,05:29 AM,08:39 PM,14,26,26,26,13,8,54,0.0,1008,32,10,220,5,Georgia,0
2011-06-27,35,17,0.0,14.0,6,9,02:32 AM,05:05 PM,05:40 AM,08:10 PM,4,25,25,26,26,27,28,0.0,1011,35,10,243,15,California,0
2011-06-21,28,16,0.0,11.0,5,54,11:12 PM,10:45 AM,05:40 AM,06:42 PM,18,20,21,20,9,50,85,17.5,1012,28,9,211,3,Alberta,0
2011-06-22,38,25,0.0,10.0,7,47,12:18 AM,12:39 PM,06:42 AM,07:52 PM,23,35,35,31,11,33,68,5.0,1009,38,9,137,5,Island of Puerto Rico,0
2011-06-23,26,16,0.0,10.0,5,39,01:24 AM,02:03 PM,07:05 AM,08:34 PM,14,20,21,20,13,58,67,29.3,1012,26,9,171,8,San Francisco Bay Area,0
2011-06-15,27,15,0.0,15.0,6,100,08:23 PM,04:44 AM,05:26 AM,08:37 PM,15,21,22,21,17,13,75,0.0,1013,27,10,289,9,Georgia,0
2011-06-16,18,6,0.0,16.0,3,100,10:05 PM,06:03 AM,05:13 AM,09:08 PM,7,12,12,12,15,43,74,0.0,1017,18,8,235,6,Tacoma,0
2011-06-12,18,13,0.0,9.0,4,78,05:25 PM,02:36 AM,05:23 AM,08:32 PM,12,15,15,15,19,74,91,0.0,1019,18,4,56,9,Ohio,0
2011-06-09,33,23,0.0,15.0,7,55,01:46 PM,01:06 AM,05:45 AM,08:22 PM,22,31,31,28,24,3,75,0.0,1014,33,10,228,13,Virginia,0
2011-06-07,26,16,0.0,15.0,6,40,11:20 AM,No moonset,05:26 AM,08:25 PM,18,23,23,22,21,22,89,0.0,1014,26,8,257,11,Newark,0
2011-06-08,29,20,0.0,15.0,6,48,12:29 PM,12:28 AM,05:25 AM,08:25 PM,20,26,26,25,15,3,84,0.0,1012,29,10,252,8,New York,0
2011-05-08,20,10,0.0,14.0,4,35,10:02 AM,12:09 AM,05:47 AM,08:00 PM,10,15,15,15,15,15,76,0.0,1013,20,10,191,8,Newark,0
2011-05-04,9,3,0.0,5.0,2,6,06:43 AM,09:57 PM,06:10 AM,08:14 PM,4,3,6,3,28,73,88,4.4,1022,9,9,303,15,Northern and Central California,0
2011-04-19,27,15,0.0,12.0,5,84,08:21 PM,06:59 AM,05:52 AM,06:24 PM,16,21,21,21,15,40,78,5.3,1013,27,8,242,6,Alberta,0
2011-03-21,24,12,0.0,12.0,5,84,08:34 PM,07:29 AM,06:12 AM,06:20 PM,12,18,18,18,26,16,71,0.0,1016,24,10,71,10,Alberta,0
2011-03-19,8,-2,0.0,12.0,1,100,07:47 PM,06:51 AM,07:21 AM,07:26 PM,0,0,3,0,26,35,84,0.0,1029,8,9,318,15,Northern and Central California,0
2011-03-20,9,7,0.0,12.0,3,100,08:47 PM,07:16 AM,07:08 AM,07:16 PM,3,5,8,5,24,29,70,0.0,1034,9,9,65,15,Virginia,0
2011-03-22,27,8,0.0,12.0,5,77,10:30 PM,08:49 AM,06:50 AM,06:59 PM,3,17,17,17,17,18,53,0.0,1014,27,9,118,8,San Francisco Bay Area,0
2011-03-23,14,1,0.0,12.0,3,70,12:02 AM,08:59 AM,07:07 AM,07:27 PM,2,6,7,6,15,31,76,0.0,1007,14,9,81,8,Tacoma,0
2011-03-24,29,21,0.0,4.0,5,63,11:03 PM,10:25 AM,06:03 AM,06:10 PM,19,26,26,24,13,54,78,7.8,1010,29,9,207,4,Island of Puerto Rico,0
2011-03-10,9,3,0.0,1.0,2,36,08:42 AM,11:52 PM,06:16 AM,05:57 PM,6,2,6,2,46,100,98,25.0,1020,9,6,112,26,New York,0
2011-03-11,12,3,0.0,7.0,2,43,09:24 AM,No moonset,06:14 AM,05:58 PM,5,6,8,6,28,58,90,34.8,1008,12,8,220,15,New York,0
2011-02-25,9,1,0.0,10.0,2,38,01:25 AM,11:20 AM,06:26 AM,05:44 PM,2,1,5,1,38,42,81,6.6,1015,9,9,228,23,California,0
2011-02-26,4,-8,0.0,9.0,1,31,02:55 AM,12:16 PM,06:54 AM,06:03 PM,-4,-5,-2,-5,15,65,90,1.1,1020,4,6,210,8,Northern California,0
2011-02-27,21,15,0.0,11.0,4,23,03:19 AM,01:53 PM,06:47 AM,06:17 PM,15,18,18,18,35,61,80,0.0,1018,21,10,168,20,Texas,0
2011-02-28,26,13,0.0,12.0,4,16,04:12 AM,02:33 PM,06:49 AM,06:12 PM,14,18,20,18,43,49,86,15.3,1013,26,9,204,22,Southern California,0
2011-02-17,16,9,0.0,1.0,3,100,05:17 PM,06:11 AM,06:56 AM,05:40 PM,12,11,13,11,43,79,98,0.0,1003,16,7,211,23,Illinois,0
2011-02-18,16,5,0.0,9.0,2,100,06:23 PM,06:33 AM,06:46 AM,05:34 PM,8,8,10,8,30,52,95,0.0,1009,16,10,249,15,New York,0
2011-02-19,23,5,0.0,12.0,4,84,07:54 PM,07:20 AM,06:41 AM,06:03 PM,-3,12,12,12,22,0,44,0.0,1018,23,10,175,9,San Francisco Bay Area,0
2011-02-09,28,11,0.0,12.0,5,41,10:28 AM,11:31 PM,06:36 AM,06:10 PM,11,18,18,18,11,25,72,0.2,1013,28,8,158,3,Alberta,0
2011-02-10,-10,-20,0.0,11.0,1,48,09:55 AM,No moonset,06:50 AM,05:15 PM,-15,-24,-15,-24,29,49,97,0.0,1022,-10,10,224,17,Michigan,0
2011-02-03,2,-2,0.0,10.0,1,0,07:15 AM,06:46 PM,07:08 AM,05:59 PM,-5,-5,0,-5,27,49,66,0.7,1030,2,10,140,20,Texas,0
2011-02-04,4,0,0.0,2.0,1,3,07:48 AM,07:33 PM,07:16 AM,05:48 PM,-2,1,2,1,7,84,77,14.9,1025,4,8,125,5,North Carolina,0
2011-02-02,8,-2,0.0,11.0,2,0,06:25 AM,05:20 PM,06:50 AM,05:22 PM,-12,-1,2,-1,22,0,39,0.0,1028,8,10,86,12,California,0
2011-01-26,12,3,0.0,10.0,3,48,01:07 AM,10:43 AM,07:43 AM,05:03 PM,4,6,7,6,9,20,82,0.0,1025,12,10,135,4,Tacoma,0
2011-01-27,-3,-10,0.8,1.0,1,40,01:45 AM,11:25 AM,07:15 AM,05:07 PM,-7,-12,-7,-12,18,90,97,1.9,1014,-3,6,266,11,Ohio,0
2011-01-25,1,-7,0.0,7.0,1,55,No moonrise,10:08 AM,07:12 AM,05:05 PM,-3,-4,-2,-4,10,52,91,0.0,1022,1,9,197,6,New York,0
2010-12-14,22,1,0.0,11.0,4,54,01:16 PM,01:15 AM,07:19 AM,06:05 PM,-1,10,10,10,11,3,55,0.0,1018,22,10,143,5,San Francisco Bay Area,0
2010-12-15,22,5,0.0,11.0,4,62,01:50 PM,02:04 AM,07:19 AM,06:06 PM,-5,12,13,12,21,0,35,0.0,1013,22,10,242,11,San Francisco Bay Area,0
2010-12-12,-4,-14,0.0,1.0,1,40,11:27 AM,11:34 PM,07:15 AM,04:28 PM,-9,-17,-8,-17,50,96,97,2.3,1011,-4,2,327,32,Ohio,0
2010-12-13,12,7,0.0,6.0,2,47,12:01 PM,No moonset,07:49 AM,04:19 PM,8,8,9,8,19,63,96,5.9,1010,12,7,184,7,Tacoma,0
2010-12-03,-1,-6,0.6,6.0,1,11,05:00 AM,02:51 PM,07:12 AM,04:34 PM,-7,-7,-3,-7,17,61,76,1.9,1023,-1,7,80,11,Illinois,0
2010-12-04,4,-2,0.0,9.0,2,4,05:58 AM,03:30 PM,07:04 AM,04:28 PM,-4,-4,1,-4,30,16,73,0.0,1010,4,10,305,19,New York,0
2010-11-23,15,9,0.0,10.0,3,79,06:12 PM,08:49 AM,06:53 AM,04:33 PM,10,10,12,10,25,46,93,0.2,1014,15,9,243,14,Newark,0
2010-11-21,3,-1,0.5,5.0,1,100,04:17 PM,07:36 AM,07:23 AM,04:28 PM,-2,-3,0,-3,17,55,91,1.8,1007,3,5,11,8,Tacoma,0
2010-11-22,20,8,0.0,11.0,3,87,05:53 PM,07:56 AM,06:59 AM,05:08 PM,11,14,14,14,14,21,86,0.0,1026,20,7,215,7,Southern California,0
2010-11-24,2,-4,1.6,5.0,1,72,07:19 PM,09:46 AM,06:57 AM,04:31 PM,-4,-6,0,-6,39,68,79,11.0,1016,2,7,119,23,Ohio,0
2010-11-06,19,9,0.0,11.0,4,0,08:07 AM,06:48 PM,07:37 AM,06:29 PM,3,13,13,13,16,0,48,0.0,1027,19,10,67,9,Texas,0
2010-10-27,28,15,0.0,10.0,5,65,09:37 PM,10:05 AM,06:03 AM,05:42 PM,17,20,21,20,10,47,84,0.3,1013,28,7,197,2,Alberta,0
2010-10-28,25,20,0.0,10.0,5,58,10:46 PM,10:24 AM,05:43 AM,05:46 PM,19,25,25,23,14,34,76,1.9,1010,25,10,280,6,Island of Puerto Rico,0
2010-10-29,7,1,0.0,6.0,1,51,11:54 PM,01:43 PM,07:42 AM,06:15 PM,1,1,4,1,33,61,84,2.9,1021,7,8,291,18,Northern Illinois,0
2010-10-26,20,16,0.0,1.0,4,72,08:19 PM,11:00 AM,07:20 AM,06:01 PM,17,18,18,18,22,85,96,0.0,1012,20,6,190,13,Newark,0
2010-08-19,36,21,0.0,13.0,7,63,04:33 PM,01:33 AM,06:15 AM,07:36 PM,7,27,27,27,26,1,29,0.0,1010,36,10,268,13,California,0
2010-08-20,24,15,0.0,6.0,4,70,04:49 PM,03:24 AM,06:52 AM,07:29 PM,18,19,20,19,9,74,87,39.0,1010,24,8,205,3,Island of Puerto Rico,0
2010-08-21,33,19,0.0,13.0,7,77,06:16 PM,03:45 AM,06:40 AM,08:00 PM,17,27,27,26,13,3,60,0.0,1014,33,10,132,6,North Carolina,0
2010-08-22,31,25,0.0,12.0,6,84,06:36 PM,04:27 AM,06:26 AM,07:46 PM,24,30,30,27,18,62,83,15.5,1010,31,9,203,10,Virginia,0
2010-08-23,28,23,0.0,13.0,7,92,07:04 PM,05:26 AM,06:27 AM,07:45 PM,21,28,28,25,20,14,78,0.2,1010,28,9,135,13,Virginia,0
2010-08-11,35,27,0.0,14.0,8,4,08:27 AM,09:04 PM,06:45 AM,08:04 PM,24,36,36,31,13,25,67,0.0,1011,35,10,203,7,Texas,0
2010-07-29,27,16,0.0,14.0,5,75,10:01 PM,09:36 AM,06:09 AM,08:33 PM,17,22,23,22,23,32,77,6.3,1014,27,9,294,12,Northern California,0
2010-07-23,33,18,0.0,10.0,6,81,07:08 PM,03:32 AM,06:00 AM,08:36 PM,20,27,27,25,28,44,74,3.3,1014,33,8,242,14,Pennsylvania,0
2010-07-24,32,22,0.0,9.0,6,88,07:42 PM,04:23 AM,05:51 AM,08:28 PM,24,30,30,26,26,59,87,23.3,1011,32,8,244,12,Illinois,0
2010-07-25,25,18,0.0,7.0,5,96,08:22 PM,05:36 AM,06:05 AM,08:37 PM,20,24,24,22,24,60,88,16.7,1013,25,7,281,12,Northern California,0
2010-07-26,27,15,0.0,14.0,6,100,08:51 PM,06:37 AM,06:06 AM,08:36 PM,14,20,21,20,13,26,69,0.0,1019,27,8,180,8,Northern California,0
2010-07-15,28,13,0.0,16.0,6,23,10:41 AM,10:55 PM,05:29 AM,09:02 PM,13,21,21,21,9,0,59,0.0,1019,28,10,242,5,Tacoma,0
2010-07-16,31,26,0.0,13.0,6,30,11:37 AM,11:20 PM,05:57 AM,08:22 PM,24,32,32,28,28,19,77,1.3,1015,31,10,218,17,Virginia,0
2010-07-17,33,26,0.0,13.0,6,37,12:58 PM,No moonset,06:16 AM,08:31 PM,22,32,32,28,26,34,73,1.2,1017,33,9,235,14,Southern California,0
2010-07-18,33,22,0.0,15.0,7,45,01:54 PM,No moonset,05:40 AM,08:24 PM,19,29,29,28,18,11,63,0.0,1011,33,10,268,10,New York,0
2010-07-19,32,21,0.0,12.0,6,52,03:03 PM,12:10 AM,05:41 AM,08:23 PM,22,30,30,27,17,25,77,4.8,1010,32,10,215,7,New York,0
2010-06-25,26,16,0.0,15.0,6,96,08:06 PM,04:15 AM,05:14 AM,08:26 PM,16,21,22,21,19,2,73,0.0,1017,26,10,167,10,Michigan,0
2010-06-26,28,26,0.0,12.0,6,100,07:25 PM,05:48 AM,05:50 AM,07:03 PM,24,31,31,27,19,55,83,18.5,1014,28,10,69,11,Island of Puerto Rico,0
2010-06-06,23,13,0.0,15.0,4,25,01:36 AM,02:41 PM,05:24 AM,08:29 PM,14,18,19,18,26,16,80,0.4,1012,23,10,233,14,Ohio,0
2010-01-18,9,2,0.0,9.0,1,17,08:46 AM,08:25 PM,07:17 AM,04:57 PM,2,1,4,1,27,65,91,1.6,1008,9,8,179,16,New York,0
2010-01-19,16,5,0.0,10.0,3,24,09:29 AM,09:46 PM,07:24 AM,05:33 PM,7,9,10,9,13,20,86,0.0,1015,16,10,210,7,Southern California,0
2010-01-20,15,4,0.0,10.0,2,31,09:53 AM,10:43 PM,07:26 AM,05:32 PM,7,7,9,7,17,50,86,2.6,1013,15,8,178,9,North Carolina,0
2010-01-21,1,-7,0.0,10.0,2,39,10:11 AM,11:46 PM,07:34 AM,05:20 PM,-5,-9,-3,-9,34,36,79,0.3,1019,1,9,117,21,Northern and Central California,0
2010-01-22,26,24,0.0,9.0,6,46,11:15 AM,No moonset,06:59 AM,06:12 PM,23,28,28,26,19,30,84,0.9,1014,26,10,142,11,Island of Puerto Rico,0
2010-01-23,8,-1,0.0,10.0,2,53,11:19 AM,12:43 AM,07:25 AM,05:35 PM,1,1,3,1,16,27,86,0.0,1021,8,6,114,8,North Carolina,0
2010-01-24,9,-3,0.0,1.0,1,60,11:23 AM,01:38 AM,07:14 AM,05:05 PM,2,1,3,1,19,74,94,0.2,1019,9,8,125,10,Newark,0
2010-01-25,14,6,0.0,1.0,3,68,12:07 PM,02:46 AM,07:13 AM,05:06 PM,10,8,11,8,55,80,93,33.2,998,14,8,204,28,Newark,0
2010-01-26,20,3,0.0,11.0,4,75,02:02 PM,03:28 AM,06:56 AM,05:46 PM,3,10,10,10,16,21,68,0.0,1014,20,8,164,8,San Francisco Bay Area,0
2010-01-27,-1,-6,0.0,7.0,1,82,02:28 PM,05:15 AM,07:30 AM,05:27 PM,-8,-11,-4,-11,38,71,80,0.0,1021,-1,5,258,23,Northern and Central California,0
2010-01-28,-1,-13,1.0,1.0,1,90,03:44 PM,06:09 AM,07:29 AM,05:28 PM,-9,-13,-6,-13,45,89,84,3.1,1022,-1,2,273,25,Northern and Central California,0
2009-12-10,-3,-12,0.0,1.0,1,37,01:30 AM,12:56 PM,07:28 AM,04:48 PM,-11,-15,-6,-15,55,85,71,0.0,1010,-3,2,265,32,Northern California,0
2009-12-11,3,-4,0.0,9.0,2,30,02:53 AM,01:08 PM,07:47 AM,04:19 PM,-8,-2,-1,-2,9,4,67,0.0,1013,3,10,108,4,Tacoma,0
2009-12-12,8,2,0.0,9.0,2,23,03:26 AM,01:53 PM,07:08 AM,04:48 PM,-4,2,5,2,20,12,49,0.0,1034,8,10,183,14,Virginia,0
2009-12-09,27,13,0.0,11.0,4,45,12:15 AM,12:33 PM,06:24 AM,05:39 PM,14,20,20,20,13,27,75,0.0,1012,27,7,242,5,Alberta,0
2009-12-08,5,-1,0.0,9.0,2,52,No moonrise,11:46 AM,07:08 AM,04:29 PM,0,-1,2,-1,19,18,86,0.0,1025,5,10,243,11,Newark,0
2009-12-07,5,-4,0.0,1.0,1,59,10:58 PM,11:13 AM,06:47 AM,04:40 PM,1,-2,2,-2,33,81,89,14.9,1004,5,6,240,19,California,0
2009-10-13,22,16,0.0,10.0,4,30,01:58 AM,03:47 PM,07:10 AM,06:30 PM,15,19,20,19,26,38,77,0.0,1018,22,9,230,17,Virginia,0
2009-07-21,25,15,0.0,15.0,4,0,05:09 AM,08:28 PM,05:59 AM,08:37 PM,15,20,20,20,14,22,76,0.3,1019,25,10,93,8,Pennsylvania,0
2009-06-12,27,23,0.0,11.0,5,60,11:49 PM,09:57 AM,05:44 AM,08:23 PM,21,27,27,24,24,43,85,7.8,1009,27,10,222,13,Virginia,0
2009-06-13,22,15,0.0,8.0,4,52,No moonrise,10:42 AM,05:24 AM,08:28 PM,17,19,19,19,15,65,92,2.8,1013,22,9,102,7,New York,0
2009-03-08,24,19,0.0,12.0,6,81,04:08 PM,04:53 AM,06:37 AM,06:24 PM,18,21,22,21,28,23,81,0.0,1017,24,10,164,16,Texas,0
2008-11-11,27,12,0.0,11.0,5,93,04:14 PM,04:22 AM,06:09 AM,05:37 PM,14,19,19,19,10,22,79,0.0,1013,27,7,95,3,Alberta,0
2008-11-07,13,4,0.0,10.0,2,62,01:32 PM,No moonset,06:27 AM,04:34 PM,3,6,9,6,28,33,65,0.0,1007,13,10,213,17,Michigan,0
2008-09-22,23,12,0.0,12.0,4,39,No moonrise,03:23 PM,07:03 AM,07:12 PM,12,16,17,16,17,39,77,0.0,1027,23,7,58,9,Northern and Central California,0
2008-08-16,27,17,0.0,13.0,5,100,07:48 PM,05:42 AM,06:08 AM,07:52 PM,15,21,22,21,13,27,71,0.3,1014,27,10,267,7,New York,0
