date_time,maxtempC,mintempC,totalSnow_cm,sunHour,uvIndex,moon_illumination,moonrise,moonset,sunrise,sunset,DewPointC,FeelsLikeC,HeatIndexC,WindChillC,WindGustKmph,cloudcover,humidity,precipMM,pressure,tempC,visibility,winddirDegree,windspeedKmph,location
2008-07-25,27,12,0.0,15.0,5,44,11:46 PM,02:17 PM,05:41 AM,08:51 PM,11,19,19,19,15,10,62,0.0,1017,27,10,253,6,Tacoma
2014-12-03,2,-2,0.0,10.0,2,76,02:39 PM,03:42 AM,06:57 AM,04:17 PM,-4,-5,-1,-5,28,34,76,0.0,1024,2,10,262,17,Michigan
2010-07-10,37,20,0.0,15.0,7,0,04:24 AM,07:25 PM,05:46 AM,08:08 PM,7,27,27,28,19,7,26,0.0,1011,37,10,275,10,California
2011-06-24,17,9,0.0,16.0,4,32,12:57 AM,02:51 PM,05:14 AM,09:10 PM,9,13,13,13,15,51,81,0.2,1018,17,7,207,6,Tacoma
2009-06-16,24,19,0.0,6.0,5,30,01:02 AM,02:00 PM,05:30 AM,08:39 PM,19,21,21,21,21,71,94,7.1,1010,24,9,78,10,Illinois
2013-02-02,-5,-13,0.0,3.0,1,44,No moonrise,10:30 AM,07:24 AM,05:35 PM,-11,-16,-9,-16,25,93,87,2.3,1022,-5,6,236,16,Northern%20and%20Central%20California
2009-03-20,6,2,0.0,11.0,1,32,03:54 AM,01:19 PM,07:05 AM,07:15 PM,1,1,4,1,23,49,85,2.2,1026,6,9,211,13,Southeastern%20Michigan
2014-05-14,27,25,0.0,12.0,6,100,06:54 PM,05:39 AM,05:51 AM,06:49 PM,22,28,28,26,30,50,81,0.1,1015,27,10,90,19,Island%20of%20Puerto%20Rico
2009-08-18,30,25,0.0,11.0,6,7,04:03 AM,06:42 PM,06:23 AM,07:51 PM,22,30,30,27,27,27,72,0.9,1019,30,10,215,17,Virginia
2014-05-10,27,22,0.0,12.0,5,74,04:16 PM,03:44 AM,06:30 AM,08:02 PM,21,26,26,24,31,31,85,0.5,1012,27,10,140,18,Texas
2014-08-18,28,17,0.0,11.0,5,43,12:23 AM,03:03 PM,06:16 AM,07:58 PM,20,24,24,23,17,58,84,0.2,1010,28,5,189,8,Illinois
2010-12-08,2,-3,0.0,9.0,2,11,09:30 AM,07:46 PM,07:04 AM,04:47 PM,-8,-5,0,-5,29,7,56,0.0,1019,2,10,307,18,Virginia
2008-11-20,4,-2,0.0,4.0,1,39,No moonrise,12:56 PM,06:50 AM,04:34 PM,-5,-3,0,-3,15,59,68,0.0,1012,4,9,295,8,Newark
2009-11-09,16,8,0.0,9.0,3,42,No moonrise,01:06 PM,06:55 AM,05:03 PM,7,11,12,11,21,27,71,0.0,1026,16,10,219,11,Northern%20and%20Central%20California
2009-01-07,18,3,0.0,9.0,3,74,01:20 PM,03:25 AM,07:01 AM,04:56 PM,1,8,9,8,10,0,63,0.0,1021,18,10,262,5,California
2010-10-22,19,10,0.0,11.0,4,98,06:06 PM,07:06 AM,07:30 AM,06:34 PM,3,14,14,14,17,0,54,0.0,1020,19,10,113,8,Southern%20California
2008-08-19,21,15,0.0,9.0,4,77,09:08 PM,09:31 AM,06:12 AM,08:13 PM,14,16,17,16,22,78,86,10.7,1009,21,7,191,10,Tacoma
2010-11-25,7,2,0.0,8.0,1,64,08:26 PM,10:23 AM,06:54 AM,04:31 PM,-2,2,4,2,12,58,67,3.5,1019,7,9,168,8,New%20York
2009-01-26,8,-2,0.0,10.0,2,0,08:21 AM,06:18 PM,08:18 AM,06:08 PM,0,2,2,2,8,26,83,0.0,1014,8,10,227,3,Georgia
2009-08-26,36,16,0.0,13.0,7,36,01:16 PM,11:06 PM,06:20 AM,07:27 PM,-4,25,25,26,15,0,13,0.0,1016,36,10,288,7,California
2009-10-27,15,7,0.0,11.0,4,58,02:43 PM,01:09 AM,07:09 AM,06:02 PM,-3,10,12,10,33,5,36,0.0,1008,15,10,303,19,California
2010-02-20,11,-3,0.0,12.0,2,44,09:56 AM,No moonset,06:59 AM,06:04 PM,-2,1,4,1,17,8,70,0.0,1022,11,10,326,9,North%20Carolina
2010-02-05,1,-4,11.7,1.0,1,47,12:34 AM,10:32 AM,07:21 AM,05:38 PM,-4,-7,-2,-7,28,79,87,12.0,1019,1,6,103,16,Northern%20Illinois
2008-09-11,20,16,0.0,8.0,4,78,05:08 PM,03:13 AM,06:52 AM,07:17 PM,17,18,18,18,18,73,94,24.5,1011,20,6,146,5,San%20Francisco%20Bay%20Area
2011-09-10,28,21,0.0,13.0,6,88,06:13 PM,05:01 AM,06:42 AM,07:20 PM,20,26,26,24,10,10,76,0.0,1013,28,10,287,6,Virginia
2014-09-18,28,13,0.0,10.0,5,26,01:26 AM,02:25 PM,05:58 AM,06:08 PM,17,20,21,20,8,29,79,7.0,1013,28,8,185,2,Alberta
2010-07-02,26,16,0.0,6.0,5,57,10:57 PM,10:40 AM,05:42 AM,06:43 PM,18,20,21,20,10,61,89,9.9,1013,26,8,218,3,Alberta
2014-10-23,22,15,0.0,4.0,4,0,05:46 AM,05:45 PM,06:02 AM,05:44 PM,17,18,19,18,10,70,90,65.1,1012,22,9,230,2,Alberta
2014-09-05,31,27,0.0,9.0,6,76,04:55 PM,03:07 AM,06:59 AM,07:37 PM,24,33,33,28,19,38,77,4.2,1016,31,9,139,11,Texas
2012-04-28,30,13,0.0,13.0,5,49,12:17 PM,01:02 AM,06:32 AM,07:40 PM,1,21,20,21,22,15,35,0.0,1011,30,10,209,10,San%20Francisco%20Bay%20Area
2011-07-10,29,22,0.0,15.0,7,64,04:13 PM,01:32 AM,05:53 AM,08:25 PM,21,28,28,25,12,1,76,0.0,1017,29,10,143,7,Virginia
2013-08-18,36,20,0.0,13.0,7,80,05:45 PM,03:33 AM,06:14 AM,07:37 PM,5,27,27,28,16,3,20,0.0,1011,36,10,193,10,California
2011-01-05,-3,-7,0.0,10.0,2,0,08:23 AM,06:36 PM,07:39 AM,05:02 PM,-10,-9,-5,-9,23,38,69,0.0,1015,-3,10,272,13,Northern%20Illinois
2013-10-05,26,19,0.0,7.0,5,0,07:29 AM,06:39 PM,06:49 AM,06:22 PM,19,22,23,22,25,62,87,10.7,1012,26,9,183,14,Michigan
2013-02-06,-1,-9,0.0,7.0,1,14,03:58 AM,01:51 PM,07:17 AM,05:36 PM,-8,-9,-5,-9,21,45,87,0.0,1023,-1,6,299,11,Pennsylvania
2013-10-09,21,18,0.0,1.0,4,28,11:54 AM,10:13 PM,07:06 AM,06:35 PM,18,19,19,19,60,93,90,100.8,1017,21,7,39,39,Virginia
2012-05-13,28,17,0.0,7.0,5,44,12:43 AM,12:50 PM,05:40 AM,06:30 PM,16,22,23,22,20,58,70,7.4,1013,28,9,97,6,Alberta
2013-04-28,19,9,0.0,9.0,3,71,11:25 PM,08:14 AM,05:58 AM,07:53 PM,11,13,14,13,13,54,83,0.0,1012,19,7,157,7,Ohio
2010-09-19,27,14,0.0,9.0,5,76,03:49 PM,02:56 AM,05:58 AM,06:07 PM,17,20,21,20,9,35,84,1.0,1012,27,9,66,2,Alberta
2014-03-24,5,-2,0.0,6.0,1,38,02:23 AM,12:33 PM,06:53 AM,07:13 PM,0,-3,1,-3,27,61,69,0.0,1019,5,10,181,14,Newark
2009-05-05,21,10,0.0,14.0,5,73,04:44 PM,03:42 AM,05:49 AM,08:00 PM,9,15,15,15,22,19,68,0.0,1014,21,10,167,13,Ohio
2010-10-16,21,8,0.0,11.0,3,55,03:05 PM,12:38 AM,07:14 AM,06:18 PM,11,14,14,14,11,44,82,2.1,1014,21,8,241,6,Georgia
2014-07-05,25,10,0.0,15.0,5,52,01:42 PM,12:34 AM,05:47 AM,08:46 PM,10,17,18,17,19,4,64,0.0,1023,25,8,298,9,Pennsylvania
2013-08-26,29,14,0.0,12.0,5,62,11:26 PM,12:12 PM,06:45 AM,07:35 PM,14,21,21,21,27,15,72,1.2,1014,29,9,80,11,San%20Francisco%20Bay%20Area
2013-03-27,13,5,0.0,7.0,2,100,08:28 PM,06:49 AM,06:58 AM,07:33 PM,7,8,9,8,7,64,90,1.5,1014,13,6,142,4,Tacoma
2009-01-08,23,3,0.0,11.0,4,82,02:58 PM,04:27 AM,06:59 AM,05:32 PM,-1,11,11,11,13,8,46,0.0,1016,23,10,156,6,San%20Francisco%20Bay%20Area
2014-05-22,21,13,0.0,15.0,5,39,01:57 AM,02:00 PM,05:32 AM,08:17 PM,13,16,16,16,19,15,79,0.0,1019,21,10,318,12,Ohio
2014-06-26,27,18,0.0,13.0,5,0,05:06 AM,07:55 PM,05:25 AM,08:36 PM,20,22,23,22,19,55,89,0.3,1016,27,8,111,10,Ohio
2011-11-08,19,5,0.0,11.0,4,88,03:44 PM,04:50 AM,06:53 AM,05:04 PM,4,10,10,10,16,7,67,0.0,1023,19,10,170,8,Northern%20California
2014-07-06,30,19,0.0,12.0,5,59,02:12 PM,12:43 AM,05:33 AM,08:38 PM,13,25,25,24,12,37,56,6.1,1012,30,10,197,5,Georgia
2008-11-18,-1,-6,0.0,3.0,1,55,10:49 PM,12:21 PM,07:06 AM,04:55 PM,-7,-9,-4,-9,27,60,78,0.1,1024,-1,6,292,16,Northern%20Illinois
2013-11-06,28,25,0.0,4.0,6,18,09:26 AM,08:59 PM,06:25 AM,05:49 PM,22,29,29,26,10,53,74,14.0,1011,28,9,128,5,Island%20of%20Puerto%20Rico
2008-07-03,26,16,0.0,7.0,4,0,06:46 AM,09:04 PM,06:19 AM,08:06 PM,17,20,20,20,11,66,86,18.8,1013,26,7,195,3,San%20Francisco%20Bay%20Area
2010-05-02,33,20,0.0,14.0,6,71,No moonrise,09:29 AM,06:25 AM,08:04 PM,20,27,27,26,34,33,78,0.0,1016,33,10,197,18,Southern%20California
2008-11-18,25,12,0.0,10.0,5,55,10:43 PM,11:50 AM,06:30 AM,04:44 PM,-6,17,17,17,12,0,25,0.0,1020,25,10,95,6,California
2013-04-06,17,7,0.0,13.0,4,14,04:32 AM,04:17 PM,06:57 AM,07:43 PM,5,10,12,10,24,3,73,0.0,1022,17,10,99,13,Southern%20California
2010-01-14,9,-3,0.0,10.0,1,0,07:00 AM,05:02 PM,07:26 AM,05:28 PM,-2,0,2,0,17,27,76,0.0,1026,9,10,224,9,Southern%20California
2013-11-13,3,-3,0.0,10.0,2,71,02:26 PM,02:29 AM,06:41 AM,04:39 PM,-7,-5,0,-5,26,3,62,0.0,1027,3,10,303,17,New%20York
2013-01-14,13,5,0.0,7.0,2,12,08:49 AM,08:37 PM,07:18 AM,04:52 PM,6,7,9,7,20,63,83,0.5,1020,13,7,271,12,New%20York
2013-09-02,24,17,0.0,10.0,5,4,03:31 AM,05:33 PM,06:15 AM,07:19 PM,16,20,21,20,25,49,81,1.1,1011,24,10,85,14,Michigan
2014-04-27,29,25,0.0,10.0,6,0,04:40 AM,05:26 PM,05:59 AM,06:44 PM,21,29,29,27,22,23,76,1.0,1015,29,10,119,13,Island%20of%20Puerto%20Rico
2014-04-04,33,15,0.0,11.0,5,28,09:49 AM,11:01 PM,06:00 AM,06:21 PM,13,23,23,23,14,21,61,0.7,1011,33,10,191,4,Island%20of%20Puerto%20Rico
2013-06-14,22,12,0.0,13.0,4,38,10:59 AM,No moonset,05:24 AM,08:28 PM,13,16,17,16,25,46,84,5.4,1007,22,9,195,12,New%20York
2013-02-05,1,-3,0.0,1.0,1,21,02:45 AM,12:41 PM,07:06 AM,05:27 PM,-2,-3,-1,-3,10,76,93,0.9,1013,1,8,89,7,Southeastern%20Michigan
2008-09-25,28,24,0.0,1.0,5,16,03:40 AM,04:44 PM,07:04 AM,07:08 PM,24,29,29,25,9,83,97,21.8,1010,28,5,140,4,Island%20of%20Puerto%20Rico
2011-05-26,32,21,0.0,14.0,7,34,02:19 AM,02:52 PM,06:07 AM,08:22 PM,18,28,28,26,33,12,74,0.0,1014,32,10,192,18,Southern%20California
2012-10-24,22,13,0.0,11.0,4,60,03:37 PM,02:28 AM,07:37 AM,06:21 PM,12,16,17,16,18,45,79,0.0,1018,22,7,231,9,Northern%20Illinois
2014-01-24,9,-2,0.0,10.0,2,38,01:22 AM,12:11 PM,08:20 AM,06:06 PM,-2,1,3,1,14,41,69,0.7,1018,9,10,214,8,Georgia
2012-10-27,16,7,0.0,1.0,3,82,05:03 PM,05:33 AM,07:40 AM,06:17 PM,10,11,12,11,21,94,93,1.5,1015,16,5,219,11,Northern%20California
2011-02-11,-3,-14,0.0,10.0,2,56,11:03 AM,01:23 AM,07:15 AM,05:45 PM,-10,-15,-9,-15,26,33,91,0.0,1020,-3,10,228,14,Northern%20Illinois
2012-11-16,10,8,0.0,8.0,2,13,09:35 AM,07:53 PM,06:44 AM,04:54 PM,6,6,9,6,32,45,80,0.4,1026,10,10,97,21,Virginia
2014-09-04,31,22,0.0,13.0,6,68,04:05 PM,01:15 AM,06:27 AM,07:26 PM,21,28,28,25,34,31,88,7.4,1012,31,10,177,18,Ohio
2013-09-04,29,12,0.0,13.0,6,0,05:40 AM,06:45 PM,06:27 AM,07:26 PM,15,20,21,20,14,4,75,0.0,1018,29,10,275,7,Ohio
2008-11-13,21,12,0.0,2.0,4,100,05:20 PM,07:23 AM,06:51 AM,05:13 PM,14,15,15,15,19,80,93,24.2,1016,21,8,157,9,Southern%20California
2011-02-08,-1,-15,1.1,7.0,1,33,09:25 AM,11:22 PM,07:18 AM,05:41 PM,-10,-16,-9,-16,39,69,96,1.9,1019,-1,4,295,22,Northern%20California
2014-12-07,5,-1,0.0,9.0,2,100,05:55 PM,07:47 AM,07:07 AM,04:28 PM,-4,-3,2,-3,41,29,65,3.0,1031,5,9,58,26,New%20York
2009-02-25,9,-2,0.0,7.0,1,1,06:42 AM,06:42 PM,06:38 AM,05:44 PM,2,0,3,0,30,73,97,0.9,1018,9,10,215,17,Ohio
2014-06-15,30,15,0.0,15.0,6,74,10:28 PM,08:30 AM,05:37 AM,08:08 PM,2,22,22,22,38,2,32,0.0,1008,30,10,249,24,California
2014-09-28,24,13,0.0,11.0,4,27,10:58 AM,09:15 PM,06:41 AM,06:34 PM,14,18,19,18,12,20,78,0.0,1019,24,10,84,6,Michigan
2010-01-04,-6,-8,0.0,1.0,1,70,10:07 PM,10:07 AM,07:40 AM,05:01 PM,-8,-15,-7,-15,38,100,92,1.6,1014,-6,1,285,22,Northern%20and%20Central%20California
2014-07-03,25,15,0.0,8.0,5,37,11:49 AM,No moonset,05:49 AM,08:50 PM,18,20,21,20,20,49,87,7.7,1015,25,6,235,10,Northern%20and%20Central%20California
2013-05-24,16,6,0.0,11.0,3,99,08:36 PM,05:04 AM,05:24 AM,08:50 PM,7,11,11,11,13,63,80,1.0,1016,16,8,181,6,Tacoma
2009-05-28,23,18,0.0,15.0,5,26,10:04 AM,No moonset,05:48 AM,08:15 PM,19,21,22,21,21,49,91,1.2,1010,23,7,167,12,Virginia
2010-03-14,12,2,0.0,12.0,3,0,05:40 AM,05:30 PM,06:24 AM,06:14 PM,2,6,7,6,10,31,70,0.0,1025,12,10,135,6,Tacoma
2008-11-03,17,10,0.0,7.0,3,32,11:47 AM,09:34 PM,06:41 AM,05:21 PM,12,12,14,12,31,65,93,3.4,1026,17,9,24,17,Southern%20California
2009-03-17,15,4,0.0,12.0,3,53,01:49 AM,10:43 AM,07:23 AM,07:25 PM,5,7,8,7,15,35,82,0.0,1023,15,8,168,8,Northern%20Illinois
2013-06-17,28,15,0.0,14.0,5,61,02:23 PM,01:20 AM,05:44 AM,08:49 PM,15,20,21,20,19,41,78,1.4,1013,28,8,261,10,Northern%20California
2009-01-08,23,3,0.0,11.0,4,82,02:58 PM,04:27 AM,06:59 AM,05:32 PM,-1,11,11,11,13,8,46,0.0,1016,23,10,156,6,San%20Francisco%20Bay%20Area
2012-02-24,11,-1,0.0,3.0,1,11,07:51 AM,09:04 PM,06:57 AM,06:00 PM,3,1,5,1,45,87,88,8.7,999,11,7,204,24,Northern%20and%20Central%20California
2010-05-19,23,11,0.0,15.0,5,38,11:06 AM,12:41 AM,05:35 AM,08:14 PM,9,17,17,17,18,15,62,0.0,1016,23,10,109,9,Ohio
2013-01-15,11,9,0.0,1.0,2,20,09:28 AM,09:50 PM,07:16 AM,05:12 PM,8,7,9,7,27,93,92,4.6,1023,11,8,42,18,Virginia
2011-01-22,-7,-18,0.0,1.0,1,77,08:42 PM,08:30 AM,07:09 AM,04:50 PM,-12,-19,-11,-19,27,88,94,0.0,1016,-7,9,248,17,Michigan
2013-11-08,11,5,0.0,5.0,2,33,12:04 PM,10:11 PM,07:04 AM,04:42 PM,6,6,8,6,23,62,91,0.0,1019,11,9,200,9,Tacoma
2010-02-06,23,15,0.0,9.0,4,39,12:38 AM,12:07 PM,06:37 AM,06:09 PM,14,18,19,18,14,48,82,1.1,1014,23,8,57,7,Alberta
2011-04-16,11,6,0.0,3.0,2,93,06:35 PM,05:17 AM,06:35 AM,07:55 PM,8,5,8,5,54,84,96,34.8,1005,11,7,181,27,Northern%20Illinois
2008-10-12,25,10,0.0,11.0,5,86,05:21 PM,04:49 AM,07:24 AM,06:39 PM,7,15,16,15,17,2,59,0.0,1031,25,10,136,8,Northern%20and%20Central%20California
2014-06-18,29,20,0.0,11.0,5,52,No moonrise,11:51 AM,05:23 AM,08:35 PM,23,27,27,25,24,54,91,19.8,1012,29,9,204,13,Ohio
2014-03-09,4,-10,0.0,11.0,2,53,11:48 AM,01:49 AM,06:19 AM,05:58 PM,-4,-7,-2,-7,30,32,91,0.0,1019,4,8,229,17,Ohio
2009-06-05,23,13,0.0,16.0,5,87,07:42 PM,03:28 AM,05:15 AM,09:02 PM,12,17,18,17,24,15,68,0.0,1010,23,10,225,12,Tacoma
2010-03-04,29,24,0.0,12.0,7,71,10:42 PM,09:19 AM,06:40 AM,06:30 PM,22,29,29,27,14,19,81,0.8,1013,29,10,194,8,Island%20of%20Puerto%20Rico
2008-11-25,2,-4,0.0,10.0,1,2,05:10 AM,02:56 PM,06:59 AM,04:30 PM,-5,-5,-1,-5,22,20,76,0.0,1021,2,10,302,13,Ohio
2009-06-16,29,14,0.0,13.0,5,30,01:54 AM,02:32 PM,07:03 AM,08:33 PM,10,20,20,20,23,29,61,0.0,1013,29,8,108,13,San%20Francisco%20Bay%20Area
2011-04-22,28,22,0.0,13.0,6,61,12:03 AM,10:35 AM,06:46 AM,07:51 PM,21,26,26,24,40,37,86,0.0,1013,28,10,168,22,Texas
2011-01-09,-4,-14,0.0,9.0,1,29,09:58 AM,10:26 PM,07:30 AM,04:52 PM,-11,-13,-8,-13,15,37,89,0.0,1027,-4,10,145,8,Illinois
2012-07-25,28,13,0.0,15.0,6,43,01:27 PM,11:43 PM,05:41 AM,08:51 PM,14,21,21,21,7,1,69,0.0,1015,28,9,228,5,Tacoma
2013-09-06,20,14,0.0,5.0,4,3,08:03 AM,07:56 PM,06:36 AM,07:39 PM,15,17,17,17,15,80,90,32.4,1018,20,6,194,6,Tacoma
2012-09-23,21,12,0.0,12.0,5,51,02:52 PM,No moonset,06:45 AM,06:51 PM,10,15,16,15,21,7,70,0.0,1016,21,10,312,13,New%20York
2012-11-08,6,1,0.5,6.0,1,24,12:26 AM,01:25 PM,06:35 AM,04:44 PM,-1,-2,3,-2,34,63,74,2.7,1010,6,8,328,20,New%20York
2010-06-23,31,21,0.0,12.0,6,80,06:24 PM,02:48 AM,05:24 AM,08:36 PM,23,29,29,26,33,39,87,9.0,1012,31,9,224,18,Ohio
2011-10-21,26,19,0.0,11.0,6,31,01:43 AM,03:04 PM,07:25 AM,06:43 PM,15,24,24,23,27,5,64,0.0,1020,26,10,159,16,Texas
2013-03-14,5,-1,0.0,12.0,2,12,08:28 AM,10:22 PM,07:15 AM,07:08 PM,-8,-4,1,-4,40,20,52,0.0,1016,5,10,294,22,Southeastern%20Michigan
2011-04-06,17,3,0.0,13.0,3,18,07:35 AM,10:34 PM,06:36 AM,07:31 PM,4,8,10,8,18,45,73,1.2,1011,17,10,289,8,Georgia
2009-09-13,24,12,0.0,13.0,5,27,12:31 AM,04:14 PM,06:54 AM,07:27 PM,12,18,18,18,18,21,75,0.0,1016,24,9,304,10,Northern%20Illinois
2009-11-09,18,8,0.0,10.0,4,42,11:54 PM,12:52 PM,06:40 AM,04:51 PM,11,13,13,13,14,17,88,0.0,1027,18,9,190,7,Southeastern%20Michigan
2013-02-20,-6,-10,0.0,2.0,1,69,01:16 PM,03:22 AM,07:02 AM,05:56 PM,-12,-16,-8,-16,48,82,78,0.0,1019,-6,3,281,27,Northern%20Illinois
2014-01-23,-18,-23,0.0,10.0,2,45,No moonrise,10:46 AM,07:18 AM,05:02 PM,-22,-31,-21,-31,32,29,90,0.0,1037,-18,10,295,20,Ohio
2011-10-07,26,16,0.0,11.0,6,67,04:21 PM,02:52 AM,07:07 AM,06:36 PM,12,21,21,21,38,17,64,0.0,1022,26,10,166,21,Illinois
2010-02-13,11,1,0.0,11.0,3,0,06:36 AM,05:59 PM,07:00 AM,06:07 PM,3,4,6,4,14,2,80,0.0,1020,11,10,224,8,Texas
2012-09-07,28,22,0.0,12.0,6,46,11:28 PM,01:19 PM,06:40 AM,07:23 PM,21,27,27,25,18,14,77,0.6,1012,28,10,116,11,Virginia
2009-03-12,1,-5,0.0,12.0,2,90,09:29 PM,07:54 AM,07:32 AM,07:19 PM,-10,-6,-2,-6,22,20,54,0.0,1033,1,10,304,11,Northern%20California
2014-03-17,1,-7,0.0,12.0,2,89,08:36 PM,07:35 AM,07:20 AM,07:21 PM,-18,-7,-3,-7,18,47,35,0.0,1019,1,10,104,9,Pennsylvania
2013-03-13,9,1,0.0,10.0,1,5,07:56 AM,09:22 PM,07:17 AM,07:07 PM,-1,1,5,1,28,27,69,0.5,1013,9,10,287,17,Southeastern%20Michigan
2009-11-10,17,11,0.0,3.0,3,35,No moonrise,01:15 PM,06:37 AM,04:42 PM,12,13,14,13,15,69,88,0.0,1024,17,8,145,8,New%20York
2009-02-16,7,1,0.0,9.0,1,44,12:47 AM,10:43 AM,07:02 AM,06:01 PM,-1,2,4,2,22,48,67,0.5,1023,7,9,160,12,Southern%20California
2011-08-08,26,19,0.0,12.0,5,60,04:05 PM,12:32 AM,06:01 AM,08:11 PM,17,22,23,22,13,66,85,11.4,1015,26,7,111,6,Georgia
2013-01-19,5,-4,0.0,10.0,2,49,11:43 AM,01:06 AM,07:35 AM,05:18 PM,-2,-4,2,-4,45,14,76,0.0,1019,5,10,216,23,Northern%20and%20Central%20California
2009-02-10,21,19,0.0,1.0,4,89,07:35 PM,07:37 AM,07:03 AM,06:05 PM,18,20,20,20,45,96,89,1.9,1012,21,9,167,25,Texas
2011-04-23,21,8,0.0,13.0,4,54,12:43 AM,10:59 AM,06:10 AM,07:31 PM,4,13,14,13,32,14,55,0.0,1012,21,10,261,18,California
2009-03-04,21,14,0.0,12.0,5,52,11:37 AM,01:23 AM,06:41 AM,06:21 PM,14,17,18,17,30,24,78,0.0,1022,21,10,147,18,Texas
2012-08-13,27,16,0.0,10.0,5,19,02:16 AM,03:29 PM,05:54 AM,06:33 PM,17,20,21,20,15,52,83,6.3,1014,27,9,80,4,Alberta
2013-03-02,6,2,0.0,9.0,1,61,11:27 PM,09:09 AM,06:33 AM,05:59 PM,-2,0,4,0,26,42,68,0.0,1011,6,10,321,17,Virginia
2010-04-26,23,12,0.0,13.0,4,89,06:21 PM,04:58 AM,06:30 AM,08:01 PM,11,18,19,18,32,28,68,0.1,995,23,10,260,16,North%20Carolina
2014-12-08,2,-4,0.0,7.0,1,87,06:50 PM,08:36 AM,07:08 AM,04:29 PM,-8,-7,-1,-7,29,61,63,0.0,1035,2,9,47,20,Newark
2014-09-16,30,25,0.0,12.0,7,41,No moonrise,01:10 PM,06:11 AM,06:25 PM,23,31,31,27,15,13,77,0.0,1015,30,10,91,10,Island%20of%20Puerto%20Rico
2013-10-27,13,6,0.0,9.0,2,41,12:14 AM,02:07 PM,07:21 AM,05:58 PM,2,7,9,7,24,32,63,0.0,1015,13,10,280,15,New%20York
2014-05-09,27,22,0.0,14.0,5,67,03:22 PM,03:10 AM,06:31 AM,08:01 PM,21,26,26,24,30,36,84,0.7,1013,27,10,179,15,Texas
2013-05-07,19,9,0.0,14.0,4,10,04:21 AM,05:55 PM,05:47 AM,07:59 PM,11,14,14,14,17,28,85,0.0,1020,19,8,97,10,New%20York
2010-09-13,26,20,0.0,13.0,6,31,12:49 PM,10:34 PM,06:44 AM,07:15 PM,16,22,23,22,24,23,71,4.8,1015,26,10,233,15,Virginia
2008-10-15,23,19,0.0,11.0,6,100,06:41 PM,08:08 AM,07:12 AM,06:26 PM,17,21,22,21,17,24,73,0.0,1019,23,10,184,10,Virginia
2014-05-04,24,12,0.0,13.0,5,31,11:42 AM,12:18 AM,07:13 AM,08:15 PM,9,18,18,18,15,19,61,0.0,1018,24,10,106,10,San%20Francisco%20Bay%20Area
2012-07-15,32,21,0.0,15.0,7,15,02:41 AM,05:52 PM,05:44 AM,08:35 PM,21,30,30,27,11,3,86,0.0,1016,32,7,223,6,Illinois
2014-02-28,-9,-25,0.0,12.0,2,0,06:01 AM,05:37 PM,06:47 AM,06:02 PM,-19,-21,-17,-21,11,13,88,0.0,1029,-9,5,216,6,Pennsylvania
2010-12-06,0,-5,0.0,10.0,2,0,08:09 AM,05:59 PM,07:15 AM,05:03 PM,-8,-8,-3,-8,32,9,71,0.0,1017,0,10,308,17,North%20Carolina
2009-07-28,28,18,0.0,15.0,6,40,01:45 PM,11:43 PM,05:55 AM,08:24 PM,18,24,24,23,18,30,78,3.1,1009,28,10,300,10,Illinois
2013-01-11,14,2,0.0,11.0,3,0,06:38 AM,05:50 PM,06:59 AM,05:34 PM,-3,5,7,5,26,18,50,0.0,1015,14,10,219,10,San%20Francisco%20Bay%20Area
2009-03-24,11,3,0.0,8.0,2,3,05:41 AM,05:06 PM,06:58 AM,07:18 PM,3,5,7,5,20,71,78,6.9,1002,11,7,126,10,Georgia
2008-12-17,23,14,0.0,11.0,5,64,11:04 PM,10:53 AM,06:28 AM,05:42 PM,14,18,19,18,26,31,79,0.3,1016,23,10,74,10,Alberta
2011-12-28,11,7,0.0,1.0,2,19,10:07 AM,09:28 PM,07:56 AM,04:26 PM,9,7,10,7,39,85,96,24.5,1009,11,7,197,19,Tacoma
2008-10-28,5,2,0.0,1.0,1,0,07:13 AM,05:33 PM,07:27 AM,06:04 PM,2,-2,3,-2,54,97,95,27.4,1003,5,7,292,28,Southeastern%20Michigan
2012-05-21,25,16,0.0,12.0,5,0,06:05 AM,07:19 PM,05:39 AM,06:32 PM,16,20,21,20,10,57,73,5.2,1013,25,9,162,3,Alberta
2010-08-28,27,22,0.0,12.0,5,72,09:13 PM,10:09 AM,06:31 AM,07:38 PM,18,26,26,24,15,22,68,0.1,1021,27,10,94,9,Virginia
2014-06-06,24,15,0.0,15.0,5,58,01:46 PM,01:24 AM,05:34 AM,08:28 PM,14,19,20,19,18,8,73,0.0,1013,24,10,324,10,Southeastern%20Michigan
2008-08-18,29,15,0.0,14.0,6,85,08:50 PM,08:13 AM,06:25 AM,08:05 PM,12,22,22,22,19,22,58,0.0,1014,29,10,256,10,Pennsylvania
2009-10-06,25,13,0.0,11.0,5,80,07:18 PM,09:22 AM,07:03 AM,06:34 PM,10,18,18,18,16,23,64,0.0,1017,25,10,266,7,Georgia
2011-09-23,16,9,0.0,7.0,3,14,01:59 AM,04:17 PM,06:36 AM,06:43 PM,9,12,12,12,12,30,81,0.8,1017,16,10,215,5,Michigan
2013-06-17,22,11,0.0,16.0,4,61,02:32 PM,01:14 AM,05:13 AM,09:09 PM,11,16,17,16,14,32,77,1.4,1016,22,7,221,6,Tacoma
2013-06-12,32,19,0.0,15.0,7,23,09:15 AM,10:53 PM,05:37 AM,08:07 PM,5,24,24,25,27,7,28,0.0,1013,32,10,253,17,California
2014-02-25,-7,-14,0.0,8.0,1,13,03:25 AM,01:36 PM,06:28 AM,05:34 PM,-11,-17,-9,-17,28,61,88,0.0,1023,-7,9,276,17,Michigan
2012-06-16,30,26,0.0,5.0,6,4,04:04 AM,06:02 PM,06:20 AM,08:21 PM,23,30,30,27,21,52,78,13.7,1016,30,8,122,11,Texas
2010-12-02,-1,-6,0.0,2.0,1,18,03:55 AM,02:24 PM,07:21 AM,04:48 PM,-7,-9,-4,-9,27,74,83,0.0,1021,-1,4,267,16,Northern%20Illinois
2009-05-23,26,17,0.0,13.0,5,0,04:58 AM,07:54 PM,06:06 AM,08:23 PM,18,21,22,21,16,54,85,0.2,1020,26,8,183,8,North%20Carolina
2014-09-16,30,25,0.0,12.0,7,41,No moonrise,01:10 PM,06:11 AM,06:25 PM,23,31,31,27,15,13,77,0.0,1015,30,10,91,10,Island%20of%20Puerto%20Rico
2012-08-08,30,21,0.0,14.0,7,55,11:13 PM,12:46 PM,06:01 AM,08:03 PM,22,29,29,26,11,26,81,0.0,1014,30,9,219,7,Newark
2014-11-02,8,2,0.0,10.0,2,68,03:23 PM,02:25 AM,07:28 AM,05:51 PM,-1,0,5,0,47,21,69,0.4,1012,8,9,330,29,New%20York
2014-10-15,21,14,0.0,8.0,4,51,No moonrise,02:00 PM,07:25 AM,06:42 PM,13,18,18,18,24,53,80,38.1,1010,21,8,205,10,North%20Carolina
2008-08-26,21,9,0.0,13.0,4,26,12:57 AM,05:56 PM,06:21 AM,08:00 PM,9,14,15,14,17,28,72,1.5,1018,21,7,216,7,Tacoma
2009-03-05,11,-6,0.0,12.0,2,59,11:56 AM,02:56 AM,06:42 AM,06:11 PM,-11,-1,3,-1,26,19,42,0.0,1025,11,9,172,15,Northern%20Illinois
2013-04-26,17,7,0.0,13.0,4,86,09:07 PM,06:27 AM,06:02 AM,07:48 PM,4,11,12,11,18,7,62,0.0,1028,17,10,289,10,Newark
2011-01-22,-5,-10,0.0,8.0,1,77,08:55 PM,08:43 AM,07:19 AM,05:09 PM,-10,-13,-8,-13,19,29,85,0.0,1016,-5,10,312,11,Southeastern%20Michigan
2013-01-19,17,7,0.0,10.0,4,49,12:09 PM,12:55 AM,07:14 AM,05:47 PM,8,11,12,11,16,26,73,0.0,1025,17,10,150,10,Texas
2008-08-07,27,17,0.0,14.0,6,35,12:59 PM,11:00 PM,06:05 AM,08:13 PM,14,22,23,22,21,12,60,0.0,1016,27,10,331,12,Illinois
2014-09-04,28,20,0.0,13.0,6,68,03:59 PM,01:13 AM,06:26 AM,07:24 PM,17,25,25,24,15,11,68,0.0,1021,28,10,161,8,New%20York
2011-10-15,12,6,0.0,8.0,2,75,08:29 PM,10:50 AM,07:26 AM,06:35 PM,5,6,9,6,49,58,81,2.0,1006,12,10,252,25,Northern%20and%20Central%20California
2013-10-04,27,9,0.0,11.0,5,0,06:40 AM,06:38 PM,07:02 AM,06:51 PM,9,17,18,17,13,5,66,0.0,1014,27,10,223,6,San%20Francisco%20Bay%20Area
2014-12-03,6,0,0.0,9.0,1,76,03:39 PM,04:30 AM,08:10 AM,05:31 PM,-3,0,2,0,10,42,77,1.3,1030,6,9,94,6,Georgia
2010-04-28,13,4,0.0,11.0,2,100,08:34 PM,05:43 AM,06:06 AM,07:54 PM,1,5,8,5,38,26,60,0.0,1007,13,10,296,20,Southeastern%20Michigan
2010-12-08,27,14,0.0,11.0,5,11,09:04 AM,08:35 PM,06:32 AM,05:41 PM,17,20,21,20,12,49,86,0.5,1017,27,7,185,6,Island%20of%20Puerto%20Rico
2008-09-24,24,9,0.0,12.0,5,24,01:41 AM,04:46 PM,07:05 AM,07:08 PM,7,16,17,16,17,3,59,0.0,1028,24,10,91,10,Northern%20California
2008-08-05,28,24,0.0,2.0,6,21,10:57 AM,10:40 PM,06:42 AM,08:08 PM,23,29,29,26,40,65,84,35.7,1011,28,8,234,24,Texas
2012-01-03,0,-5,0.0,10.0,2,62,12:59 PM,02:20 AM,07:29 AM,05:15 PM,-14,-8,-3,-8,35,18,43,0.0,1023,0,10,311,19,North%20Carolina
2009-01-09,25,13,0.0,11.0,5,89,04:31 PM,05:04 AM,06:38 AM,05:55 PM,12,18,18,18,19,12,72,0.0,1015,25,10,85,7,Alberta
2010-05-10,14,0,0.0,14.0,3,13,03:52 AM,05:10 PM,06:03 AM,08:20 PM,-3,4,6,4,20,4,53,0.0,1028,14,10,275,10,Northern%20California
2012-02-22,9,2,0.0,10.0,2,0,06:58 AM,07:05 PM,07:03 AM,05:44 PM,4,3,7,3,36,49,87,8.6,1021,9,9,228,18,Tacoma
2010-04-15,32,20,0.0,10.0,6,5,07:31 AM,08:46 PM,06:59 AM,07:31 PM,22,28,28,26,10,61,79,7.9,1012,32,7,201,5,Island%20of%20Puerto%20Rico
2008-11-15,25,13,0.0,10.0,4,77,08:13 PM,08:45 AM,06:11 AM,05:36 PM,15,19,19,19,18,38,83,0.2,1014,25,7,60,7,Alberta
2010-07-13,30,19,0.0,15.0,6,8,07:56 AM,09:51 PM,05:42 AM,08:37 PM,21,26,26,24,16,20,82,0.0,1010,30,9,105,7,Illinois
2013-11-06,26,15,0.0,9.0,5,18,09:47 AM,08:41 PM,06:36 AM,05:30 PM,19,24,24,22,25,40,82,4.4,1018,26,10,229,15,Texas
2012-10-21,20,7,0.0,11.0,4,38,01:45 PM,No moonset,07:23 AM,06:13 PM,11,12,13,12,27,17,88,0.0,1013,20,10,134,15,Illinois
2008-10-08,30,26,0.0,8.0,6,57,01:57 PM,12:27 AM,06:15 AM,06:06 PM,24,31,31,27,8,44,80,9.1,1013,30,10,174,4,Island%20of%20Puerto%20Rico
2013-06-02,27,17,0.0,15.0,5,30,02:10 AM,03:05 PM,05:43 AM,08:38 PM,16,22,22,22,27,32,81,1.6,1010,27,8,238,12,Pennsylvania
2011-09-25,24,15,0.0,8.0,4,0,04:10 AM,05:23 PM,06:51 AM,06:54 PM,12,19,19,19,20,43,75,8.2,1014,24,8,272,9,Georgia
2008-10-27,11,4,0.0,4.0,2,5,06:08 AM,05:06 PM,07:26 AM,06:05 PM,6,6,8,6,25,63,86,6.0,1012,11,7,288,13,Southeastern%20Michigan
2013-04-24,24,10,0.0,13.0,4,99,07:01 PM,05:33 AM,06:32 AM,07:59 PM,12,16,18,16,30,52,80,0.0,1018,24,8,220,16,North%20Carolina
2012-08-27,28,18,0.0,11.0,5,68,05:10 PM,02:15 AM,06:34 AM,07:51 PM,18,22,23,22,15,60,85,2.8,1017,28,6,185,7,Pennsylvania
2011-02-05,4,-6,0.0,1.0,1,11,07:53 AM,08:06 PM,07:02 AM,05:19 PM,-1,-4,0,-4,21,78,96,3.9,1008,4,7,175,12,New%20York
2009-02-08,21,16,0.0,3.0,4,96,05:19 PM,06:18 AM,07:04 AM,06:04 PM,15,18,18,18,38,53,83,0.1,1022,21,9,130,22,Texas
2008-07-11,29,22,0.0,7.0,5,54,03:09 PM,12:58 AM,06:12 AM,08:34 PM,23,28,28,25,13,57,87,10.9,1017,29,6,156,7,Southern%20California
2010-12-27,27,25,0.0,5.0,6,51,No moonrise,11:41 AM,06:54 AM,05:56 PM,22,28,28,25,10,51,82,11.4,1014,27,9,192,5,Island%20of%20Puerto%20Rico
2009-11-28,12,2,0.0,8.0,2,78,01:59 PM,02:48 AM,06:39 AM,04:40 PM,0,4,6,4,20,26,69,0.7,1011,12,10,304,11,California
2012-04-05,13,5,0.0,13.0,3,98,06:28 PM,05:28 AM,06:33 AM,07:26 PM,2,7,9,7,27,8,63,0.0,1011,13,10,319,13,Newark
2014-02-24,10,4,0.0,11.0,2,20,02:32 AM,12:56 PM,06:41 AM,05:54 PM,3,4,7,4,25,26,72,0.0,1017,10,10,131,15,Virginia
2014-09-10,26,22,0.0,12.0,5,86,08:21 PM,08:25 AM,06:42 AM,07:19 PM,20,26,26,24,24,36,79,0.8,1017,26,10,57,15,Virginia
2009-03-23,17,5,0.0,12.0,4,10,05:33 AM,04:48 PM,07:17 AM,07:32 PM,6,9,10,9,17,11,81,0.0,1026,17,9,182,8,Southern%20California
2013-09-18,20,5,0.0,13.0,4,94,06:37 PM,05:57 AM,06:56 AM,07:15 PM,4,12,12,12,14,0,71,0.0,1024,20,10,171,7,Pennsylvania
2009-01-25,-8,-12,0.0,6.0,1,0,07:13 AM,04:53 PM,07:31 AM,05:25 PM,-13,-16,-11,-16,16,62,80,1.2,1028,-8,8,275,10,Northern%20Illinois
2012-03-25,14,9,0.0,7.0,3,14,08:08 AM,10:33 PM,06:57 AM,07:20 PM,9,10,11,10,18,74,87,0.4,1009,14,8,48,11,Southeastern%20Michigan
2011-02-23,28,11,0.0,12.0,5,53,11:52 PM,10:31 AM,06:29 AM,06:15 PM,12,18,19,18,14,11,71,0.0,1014,28,8,110,4,Alberta
2008-10-06,26,10,0.0,11.0,4,42,01:39 PM,No moonset,07:04 AM,06:48 PM,11,17,17,17,13,41,74,0.0,1014,26,7,219,6,San%20Francisco%20Bay%20Area
2014-05-28,27,17,0.0,9.0,5,0,05:42 AM,08:25 PM,05:35 AM,08:27 PM,19,23,23,22,15,60,85,16.0,1013,27,7,158,7,Illinois
2009-05-11,14,4,0.0,6.0,2,83,11:15 PM,07:18 AM,06:02 AM,08:21 PM,7,8,9,8,13,56,87,2.4,1019,14,7,222,6,Northern%20Illinois
2012-12-23,23,10,0.0,11.0,5,67,02:16 PM,02:33 AM,06:32 AM,05:42 PM,10,15,16,15,22,11,72,0.0,1017,23,10,67,8,Island%20of%20Puerto%20Rico
2013-11-26,16,1,0.0,11.0,3,31,12:18 AM,12:50 PM,06:36 AM,05:15 PM,-2,4,6,4,31,4,55,0.0,1022,16,10,70,15,San%20Francisco%20Bay%20Area
2009-05-24,22,6,0.0,15.0,4,0,05:02 AM,09:53 PM,05:24 AM,08:50 PM,9,15,15,15,11,5,66,0.0,1018,22,10,264,5,Tacoma
2008-08-27,20,11,0.0,9.0,4,19,02:14 AM,06:33 PM,06:23 AM,07:58 PM,11,15,15,15,29,56,79,3.4,1018,20,9,211,14,Tacoma
2013-04-02,6,0,0.0,13.0,2,44,01:31 AM,11:33 AM,06:44 AM,07:28 PM,-7,-1,3,-1,33,9,52,0.0,1018,6,10,296,18,Southeastern%20Michigan
2011-02-15,2,-4,0.0,6.0,1,86,02:38 PM,04:48 AM,06:53 AM,05:31 PM,0,-5,0,-5,34,80,99,1.0,1022,2,8,162,18,Ohio
2014-07-15,29,26,0.0,13.0,6,75,09:50 PM,09:09 AM,05:56 AM,07:03 PM,23,30,30,27,21,41,79,0.4,1017,29,10,116,12,Island%20of%20Puerto%20Rico
2011-12-17,23,13,0.0,11.0,5,46,No moonrise,11:44 AM,06:28 AM,05:42 PM,12,17,17,17,30,26,76,0.7,1018,23,9,56,11,Alberta
2013-01-18,5,2,0.0,10.0,2,41,11:05 AM,No moonset,07:15 AM,05:15 PM,0,-1,4,-1,37,17,78,8.9,1029,5,10,183,21,Virginia
2009-11-14,13,11,0.0,1.0,3,4,04:26 AM,03:02 PM,06:42 AM,04:39 PM,12,11,12,11,35,100,96,9.6,1012,13,7,77,20,New%20York
2012-12-08,4,1,0.0,8.0,1,27,01:33 AM,01:00 PM,07:13 AM,04:27 PM,0,-1,3,-1,19,64,85,1.4,1016,4,10,44,13,Ohio
2014-04-18,30,15,0.0,13.0,6,66,09:49 PM,08:35 AM,05:53 AM,06:24 PM,15,22,22,22,21,16,66,0.0,1013,30,9,66,8,Alberta
2010-02-02,26,24,0.0,12.0,7,69,10:01 PM,09:18 AM,06:57 AM,06:18 PM,21,28,28,26,29,19,75,0.0,1014,26,10,115,18,Island%20of%20Puerto%20Rico
2012-01-07,18,4,0.0,4.0,2,92,04:19 PM,05:30 AM,06:59 AM,05:31 PM,0,8,9,8,18,47,62,0.0,1017,18,10,172,9,San%20Francisco%20Bay%20Area
2011-09-04,28,20,0.0,12.0,5,43,02:11 PM,11:40 PM,06:26 AM,07:25 PM,22,26,26,24,20,57,93,0.2,1012,28,7,213,13,Newark
2011-02-08,2,-9,0.0,10.0,1,33,09:12 AM,11:07 PM,07:04 AM,05:30 PM,-4,-8,-2,-8,43,36,88,1.0,1012,2,8,275,24,Southeastern%20Michigan
2009-01-25,-11,-18,0.0,8.0,1,0,06:49 AM,04:24 PM,07:06 AM,04:55 PM,-15,-22,-15,-22,18,45,93,0.1,1030,-11,10,258,12,Michigan
2008-07-12,26,22,0.0,15.0,6,61,03:59 PM,01:11 AM,05:55 AM,08:24 PM,19,26,26,24,16,2,73,0.0,1018,26,10,131,10,Virginia
2014-10-17,24,14,0.0,6.0,4,36,01:55 AM,02:46 PM,07:01 AM,06:45 PM,16,18,19,18,8,62,88,8.1,1014,24,8,215,2,Island%20of%20Puerto%20Rico
2008-09-12,25,12,0.0,13.0,5,86,06:20 PM,03:32 AM,06:44 AM,07:27 PM,12,18,19,18,8,2,68,0.0,1015,25,10,219,4,Tacoma
2011-04-12,26,16,0.0,13.0,6,63,02:05 PM,02:53 AM,06:57 AM,07:45 PM,9,20,21,20,26,1,55,0.0,1018,26,10,109,14,Texas
2013-11-26,18,3,0.0,1.0,3,31,12:05 AM,12:45 PM,06:54 AM,04:49 PM,8,10,11,10,32,75,84,9.6,1019,18,9,148,19,Virginia
2014-09-12,29,26,0.0,5.0,6,71,10:12 PM,10:48 AM,07:03 AM,07:29 PM,23,31,31,27,18,55,77,37.7,1015,29,9,67,11,Texas
2014-07-04,24,17,0.0,11.0,5,45,12:32 PM,No moonset,05:39 AM,08:34 PM,16,21,22,21,30,41,79,6.2,1016,24,9,269,18,Southeastern%20Michigan
2010-04-12,23,9,0.0,13.0,5,0,05:31 AM,06:20 PM,06:48 AM,07:49 PM,8,15,16,15,19,6,65,0.0,1025,23,10,103,11,North%20Carolina
2009-03-04,7,-3,0.0,11.0,2,52,10:31 AM,01:42 AM,06:27 AM,05:52 PM,-10,-3,1,-3,29,10,45,0.0,1022,7,10,154,17,Ohio
2010-11-05,18,10,0.0,11.0,4,0,07:00 AM,06:00 PM,07:36 AM,06:30 PM,3,12,13,12,25,0,51,0.0,1023,18,10,284,15,Texas
2013-10-15,21,13,0.0,6.0,4,72,04:32 PM,03:52 AM,07:08 AM,06:39 PM,15,16,16,16,25,67,87,14.6,1014,21,7,179,8,San%20Francisco%20Bay%20Area
2009-11-13,20,10,0.0,11.0,3,12,03:23 AM,03:05 PM,06:27 AM,05:18 PM,9,13,14,13,22,37,82,0.0,1013,20,7,211,10,San%20Francisco%20Bay%20Area
2013-10-16,17,12,0.0,8.0,3,79,05:12 PM,04:53 AM,07:28 AM,06:33 PM,12,14,14,14,21,71,90,6.8,1014,17,8,188,12,Northern%20and%20Central%20California
2012-08-15,28,16,0.0,12.0,5,5,03:56 AM,07:27 PM,06:22 AM,08:59 PM,18,21,22,21,24,35,87,2.4,1010,28,7,141,12,North%20Carolina
2010-02-16,-4,-9,0.0,1.0,1,13,07:55 AM,08:37 PM,07:08 AM,05:51 PM,-7,-13,-6,-13,31,100,97,3.0,1005,-4,2,273,20,Northern%20and%20Central%20California
2011-05-19,18,10,0.0,8.0,3,85,11:06 PM,07:39 AM,05:55 AM,08:29 PM,10,12,13,12,17,65,85,3.8,1016,18,8,252,9,Northern%20and%20Central%20California
2008-11-27,8,2,0.0,8.0,2,0,07:59 AM,03:58 PM,07:32 AM,04:23 PM,1,3,5,3,18,43,76,0.5,1020,8,10,176,9,Tacoma
2008-12-14,27,8,0.0,11.0,4,85,08:06 PM,08:29 AM,06:27 AM,05:41 PM,11,17,17,17,11,43,77,0.0,1016,27,5,200,4,Alberta
2009-03-20,25,8,0.0,11.0,4,32,02:27 AM,01:05 PM,06:12 AM,06:20 PM,3,16,16,16,15,26,41,0.0,1014,25,10,169,7,San%20Francisco%20Bay%20Area
2010-06-09,25,18,0.0,15.0,5,2,02:46 AM,05:47 PM,05:13 AM,08:21 PM,18,22,23,22,25,33,80,5.4,1010,25,9,268,13,Michigan
2014-04-04,13,5,0.0,4.0,2,28,10:08 AM,12:01 AM,06:54 AM,07:43 PM,9,7,10,7,39,83,94,18.0,1006,13,7,174,20,Northern%20Illinois
2009-05-17,22,11,0.0,1.0,4,39,01:59 AM,01:21 PM,06:12 AM,08:16 PM,16,17,18,17,29,84,94,14.1,1017,22,9,162,15,Southern%20California
2012-01-26,17,11,0.0,10.0,4,15,09:01 AM,09:23 PM,07:12 AM,05:53 PM,8,12,13,12,28,16,73,0.0,1015,17,10,299,19,Texas
2011-12-14,5,-2,0.0,9.0,1,68,09:29 PM,10:50 AM,08:20 AM,05:31 PM,-2,-1,1,-1,8,43,85,0.0,1030,5,9,80,5,Georgia
2012-05-03,28,14,0.0,11.0,5,83,05:31 PM,04:11 AM,06:07 AM,08:10 PM,17,20,21,20,17,46,84,4.2,1017,28,9,235,9,Pennsylvania
2010-11-19,6,0,0.0,9.0,1,91,03:25 PM,05:02 AM,07:07 AM,04:54 PM,-1,-1,2,-1,19,31,82,0.1,1024,6,9,247,11,Northern%20Illinois
2012-02-05,13,9,0.0,3.0,3,91,04:05 PM,05:12 AM,07:07 AM,06:01 PM,7,8,10,8,32,72,84,2.2,1024,13,9,180,22,Texas
2008-11-23,7,-3,0.0,9.0,2,17,03:07 AM,02:10 PM,07:02 AM,04:38 PM,-5,-3,1,-3,26,17,64,0.4,1022,7,10,181,14,Illinois
2014-09-08,28,22,0.0,7.0,6,99,07:09 PM,06:28 AM,07:02 AM,07:23 PM,24,29,29,25,15,71,92,16.6,1012,28,8,194,5,Island%20of%20Puerto%20Rico
2009-09-13,27,15,0.0,13.0,6,27,No moonrise,03:48 PM,06:39 AM,07:14 PM,12,21,21,21,10,26,63,0.8,1012,27,10,161,6,Georgia
2011-08-12,28,12,0.0,12.0,5,89,07:03 PM,05:35 AM,06:38 AM,07:48 PM,15,20,21,20,12,44,77,0.9,1014,28,7,161,6,San%20Francisco%20Bay%20Area
2010-04-27,14,4,0.0,9.0,2,96,07:19 PM,05:02 AM,06:01 AM,07:49 PM,5,8,10,8,26,55,79,1.5,996,14,10,290,15,Newark
2013-07-09,29,22,0.0,13.0,6,4,06:59 AM,09:09 PM,05:33 AM,08:33 PM,24,29,29,26,23,39,93,2.9,1013,29,8,231,11,Ohio
2012-11-17,11,3,0.0,10.0,3,21,10:39 AM,08:53 PM,06:55 AM,04:42 PM,2,3,6,3,25,13,76,0.0,1031,11,10,153,13,Illinois
2013-02-22,27,24,0.0,12.0,5,84,03:51 PM,04:12 AM,06:47 AM,06:27 PM,20,27,27,25,25,33,79,0.0,1017,27,10,69,16,Island%20of%20Puerto%20Rico
2014-11-12,5,-2,0.0,9.0,2,57,10:06 PM,11:56 AM,07:10 AM,04:38 PM,-12,-3,1,-3,25,2,38,0.0,1026,5,10,73,12,Tacoma
2009-03-23,16,9,0.0,11.0,3,10,05:29 AM,04:28 PM,07:02 AM,07:20 PM,9,11,13,11,52,47,79,2.1,1014,16,10,137,31,Illinois
2012-12-15,8,1,0.0,9.0,2,9,09:03 AM,07:32 PM,07:13 AM,04:29 PM,1,2,4,2,14,33,75,0.0,1024,8,10,133,8,New%20York
2009-11-21,26,13,0.0,11.0,5,26,10:17 AM,09:47 PM,06:14 AM,05:33 PM,13,19,19,19,15,24,78,0.0,1012,26,7,67,5,Island%20of%20Puerto%20Rico
2014-03-18,28,24,0.0,12.0,7,82,08:25 PM,07:35 AM,06:29 AM,06:34 PM,21,28,28,26,27,22,77,0.0,1016,28,10,108,16,Island%20of%20Puerto%20Rico
2009-04-19,14,7,0.0,13.0,3,22,03:19 AM,02:04 PM,06:11 AM,07:40 PM,6,9,11,9,20,36,71,0.0,1018,14,10,81,12,New%20York
2013-06-18,26,21,0.0,11.0,5,68,03:13 PM,01:45 AM,05:45 AM,08:26 PM,21,25,25,23,24,66,89,31.8,1011,26,8,241,14,Virginia
2010-04-02,21,9,0.0,13.0,4,70,No moonrise,08:31 AM,06:44 AM,07:28 PM,10,13,14,13,17,8,78,0.0,1021,21,10,157,9,Southeastern%20Michigan
2010-04-17,25,24,0.0,4.0,5,21,08:10 AM,09:50 PM,06:05 AM,06:41 PM,21,27,27,25,31,72,79,0.8,1015,25,10,72,21,Island%20of%20Puerto%20Rico
2009-01-11,12,2,0.0,10.0,2,100,06:14 PM,07:58 AM,07:29 AM,05:23 PM,4,5,8,5,26,42,82,2.4,1015,12,9,315,14,North%20Carolina
2013-09-04,25,15,0.0,13.0,5,0,05:30 AM,06:34 PM,06:17 AM,07:16 PM,15,19,20,19,16,9,77,0.0,1018,25,10,258,8,Michigan
2010-11-18,5,1,0.0,10.0,2,83,02:25 PM,03:36 AM,06:40 AM,04:25 PM,-1,1,4,1,21,43,75,0.0,1025,5,10,315,12,Michigan
2013-02-25,7,-1,0.0,11.0,2,100,05:55 PM,06:05 AM,06:36 AM,05:44 PM,-1,0,3,0,17,20,74,0.0,1021,7,10,274,10,Newark
2009-09-02,32,23,0.0,13.0,7,90,06:33 PM,05:06 AM,06:58 AM,07:40 PM,18,28,28,27,16,12,60,0.0,1018,32,10,82,9,Texas
2010-06-28,24,18,0.0,10.0,5,82,10:20 PM,07:46 AM,05:47 AM,08:50 PM,21,22,23,22,31,71,94,24.2,1005,24,8,246,17,Northern%20California
2009-09-14,17,11,0.0,9.0,3,19,01:00 AM,05:51 PM,07:10 AM,07:54 PM,11,13,13,13,29,48,86,2.0,1021,17,10,56,15,North%20Carolina
2010-09-11,26,14,0.0,13.0,5,16,10:32 AM,08:45 PM,06:32 AM,07:12 PM,13,19,20,19,16,8,69,0.0,1015,26,10,218,9,New%20York
2010-08-03,32,21,0.0,11.0,6,39,No moonrise,02:28 PM,05:54 AM,08:13 PM,23,30,30,26,16,51,88,36.2,1012,32,7,237,6,Ohio
2011-05-12,29,6,0.0,13.0,5,64,02:58 PM,02:36 AM,06:22 AM,07:47 PM,-8,18,17,18,17,0,33,0.0,1015,29,10,222,8,San%20Francisco%20Bay%20Area
2013-10-06,14,6,0.0,8.0,2,7,08:46 AM,07:28 PM,07:00 AM,06:30 PM,4,8,10,8,20,40,73,0.0,1008,14,9,247,12,Ohio
2010-12-20,2,-3,0.0,9.0,2,98,03:58 PM,06:37 AM,07:17 AM,04:32 PM,-7,-7,-1,-7,32,5,70,0.0,1012,2,10,326,21,Newark
2010-10-03,14,4,0.0,12.0,3,25,01:49 AM,04:04 PM,06:57 AM,06:36 PM,2,6,8,6,21,3,72,0.0,1029,14,10,71,12,Ohio
2012-05-26,29,19,0.0,12.0,5,36,10:30 AM,No moonset,05:31 AM,08:17 PM,21,25,25,23,14,59,92,6.2,1020,29,6,234,8,Newark
2010-02-21,14,2,0.0,11.0,3,51,10:48 AM,01:18 AM,07:49 AM,06:41 PM,3,8,8,8,9,20,78,0.0,1009,14,10,210,3,Georgia
2009-09-08,24,15,0.0,13.0,5,64,08:42 PM,10:23 AM,06:34 AM,07:23 PM,8,19,20,19,13,21,56,0.0,1018,24,9,67,6,Georgia
2009-07-26,32,16,0.0,15.0,6,25,11:46 AM,10:47 PM,05:42 AM,08:50 PM,17,25,25,24,11,6,64,0.0,1020,32,10,195,5,Tacoma
2009-09-18,23,11,0.0,11.0,4,0,06:44 AM,06:55 PM,06:56 AM,07:16 PM,12,15,16,15,19,48,80,0.0,1019,23,6,286,11,Pennsylvania
2013-04-15,19,9,0.0,13.0,3,31,10:00 AM,12:06 AM,06:36 AM,07:55 PM,8,11,13,11,35,46,75,0.0,1020,19,10,160,20,Northern%20California
2012-12-21,12,1,0.0,6.0,2,52,12:19 PM,12:59 AM,07:17 AM,04:32 PM,4,2,7,2,55,77,84,29.0,993,12,8,204,31,New%20York
2013-04-27,19,7,0.0,13.0,4,79,10:16 PM,07:16 AM,06:00 AM,07:49 PM,5,12,12,12,16,13,63,0.0,1028,19,10,154,9,Newark
2009-06-14,23,14,0.0,15.0,5,45,12:19 AM,11:54 AM,05:30 AM,08:38 PM,15,19,20,19,14,12,82,0.0,1016,23,8,41,7,Illinois
2009-08-20,24,16,0.0,13.0,5,0,06:33 AM,07:56 PM,06:18 AM,07:55 PM,17,20,21,20,34,47,82,18.1,1005,24,10,244,18,Illinois
2013-01-25,-4,-10,0.0,6.0,1,92,04:01 PM,05:51 AM,07:13 AM,05:06 PM,-13,-13,-7,-13,19,55,64,1.0,1026,-4,9,273,13,Newark
2012-08-28,32,22,0.0,11.0,6,75,05:49 PM,03:38 AM,06:46 AM,07:50 PM,22,28,28,25,18,53,85,0.9,1014,32,9,223,10,North%20Carolina
2013-09-17,20,10,0.0,10.0,3,86,05:41 PM,04:23 AM,06:30 AM,06:53 PM,9,14,15,14,24,35,73,0.0,1024,20,10,126,12,Michigan
2011-07-08,24,17,0.0,4.0,5,49,02:13 PM,12:21 AM,05:52 AM,08:48 PM,19,21,22,21,11,62,93,7.3,1011,24,8,220,5,Northern%20California
2008-09-04,31,14,0.0,13.0,6,25,11:56 AM,09:42 PM,06:45 AM,07:42 PM,13,23,23,23,18,8,59,0.0,1013,31,10,125,10,Northern%20and%20Central%20California
2014-03-19,4,-2,0.0,1.0,1,74,10:40 PM,08:41 AM,07:17 AM,07:23 PM,0,-3,1,-3,26,76,90,1.8,1016,4,8,157,14,Pennsylvania
2011-08-19,28,18,0.0,13.0,6,60,10:06 PM,11:49 AM,06:00 AM,07:42 PM,20,25,25,23,14,5,85,0.0,1012,28,10,137,7,Michigan
2011-07-13,33,26,0.0,13.0,6,86,07:12 PM,04:49 AM,06:29 AM,08:21 PM,24,34,34,29,23,15,76,1.1,1013,33,9,215,14,Texas
2010-01-08,25,24,0.0,5.0,5,41,01:08 AM,12:45 PM,06:58 AM,06:03 PM,22,27,27,24,22,59,84,3.6,1016,25,10,59,13,Island%20of%20Puerto%20Rico
2010-05-25,36,26,0.0,12.0,6,81,05:48 PM,04:33 AM,06:41 AM,07:43 PM,23,34,34,30,21,35,71,0.4,1008,36,10,60,9,Island%20of%20Puerto%20Rico
2012-02-19,3,-4,0.0,10.0,1,3,05:25 AM,03:53 PM,07:04 AM,05:54 PM,-5,-4,-1,-4,17,50,80,0.0,1019,3,7,71,9,Northern%20and%20Central%20California
2008-09-02,33,18,0.0,13.0,7,10,09:21 AM,08:20 PM,06:15 AM,07:19 PM,16,26,26,25,13,9,60,0.0,1016,33,10,206,7,Michigan
2011-11-25,12,1,0.0,9.0,3,0,07:40 AM,05:17 PM,07:13 AM,04:51 PM,1,3,6,3,31,25,74,0.0,1023,12,10,229,17,Northern%20and%20Central%20California
2011-04-27,24,18,0.0,8.0,5,24,03:11 AM,02:52 PM,06:08 AM,07:53 PM,19,21,21,21,34,67,91,1.9,1013,24,9,178,16,Southeastern%20Michigan
2014-10-27,25,9,0.0,11.0,5,22,11:04 AM,09:37 PM,07:34 AM,06:28 PM,7,16,17,16,14,7,54,0.0,1018,25,10,99,7,Southern%20California
2012-12-20,4,-4,7.0,1.0,1,45,11:52 AM,12:03 AM,07:21 AM,04:30 PM,0,-5,1,-5,54,99,95,33.8,996,4,5,201,33,Ohio
2009-09-04,26,11,0.0,13.0,5,100,07:29 PM,06:42 AM,06:45 AM,07:42 PM,11,18,18,18,15,9,66,0.0,1019,26,10,154,8,Northern%20California
2011-07-13,23,16,0.0,15.0,4,86,07:22 PM,03:51 AM,05:35 AM,08:32 PM,17,20,21,20,23,48,88,0.5,1017,23,8,67,12,Ohio
2013-01-27,4,-6,0.0,10.0,2,100,06:29 PM,07:17 AM,07:22 AM,05:40 PM,-4,-4,-2,-4,17,22,84,0.0,1034,4,9,107,8,North%20Carolina
2009-06-10,24,14,0.0,11.0,4,75,11:12 PM,07:59 AM,05:44 AM,08:46 PM,17,19,20,19,11,50,85,2.5,1012,24,9,178,5,Northern%20Illinois
2012-01-09,3,-2,0.0,7.0,1,100,05:31 PM,07:18 AM,07:20 AM,04:46 PM,-4,-4,0,-4,20,53,76,0.0,1021,3,10,254,11,New%20York
2013-03-27,11,1,0.0,12.0,3,100,08:13 PM,07:03 AM,07:11 AM,07:35 PM,-1,3,6,3,28,8,64,0.0,1023,11,10,311,15,Southern%20California
2009-09-15,27,13,0.0,10.0,4,12,03:28 AM,05:06 PM,06:54 AM,07:13 PM,15,19,20,19,15,31,80,1.7,1017,27,9,161,8,San%20Francisco%20Bay%20Area
2014-07-19,29,19,0.0,9.0,5,46,12:45 AM,02:15 PM,06:17 AM,08:30 PM,14,24,24,24,16,58,58,1.8,1019,29,10,72,6,Southern%20California
2010-11-20,5,-1,0.0,9.0,1,98,03:38 PM,06:28 AM,07:22 AM,04:29 PM,1,-1,2,-1,22,42,94,0.2,1007,5,5,73,11,Tacoma
2010-12-11,4,-8,0.0,9.0,2,33,11:19 AM,10:51 PM,07:29 AM,04:48 PM,-3,-6,-1,-6,27,22,92,0.0,1020,4,7,159,15,Northern%20Illinois
2010-04-18,9,3,0.0,13.0,3,28,08:27 AM,No moonset,06:03 AM,07:32 PM,0,3,5,3,23,4,70,0.0,1023,9,10,254,13,Michigan
2010-08-24,22,15,0.0,11.0,4,99,07:44 PM,06:30 AM,06:34 AM,08:00 PM,15,18,19,18,18,57,82,0.0,1015,22,7,88,9,Northern%20California
2011-11-08,27,13,0.0,11.0,5,88,04:08 PM,04:17 AM,06:08 AM,05:35 PM,15,20,20,20,11,23,78,0.0,1013,27,7,78,4,Island%20of%20Puerto%20Rico
2011-09-13,29,20,0.0,13.0,6,89,07:35 PM,07:53 AM,06:44 AM,07:15 PM,19,25,25,24,18,4,72,0.0,1015,29,10,216,11,Virginia
2009-09-18,28,12,0.0,13.0,5,0,06:53 AM,06:52 PM,06:52 AM,07:15 PM,10,19,19,19,11,8,54,0.0,1014,28,10,200,5,Tacoma
2012-01-06,20,0,0.0,11.0,3,84,03:26 PM,04:39 AM,06:58 AM,05:30 PM,-3,8,9,8,17,7,41,0.0,1018,20,10,188,7,San%20Francisco%20Bay%20Area
2008-08-18,28,18,0.0,13.0,6,85,08:26 PM,07:50 AM,06:00 AM,07:43 PM,16,23,23,23,16,19,69,0.0,1015,28,10,258,7,Michigan
2008-10-23,20,13,0.0,11.0,5,34,02:22 AM,03:40 PM,07:27 AM,06:41 PM,8,16,16,16,32,44,62,0.3,1021,20,9,84,20,Texas
2010-06-24,37,23,0.0,13.0,6,88,07:23 PM,04:11 AM,06:02 AM,08:38 PM,19,32,32,30,18,12,54,0.3,1014,37,10,272,9,North%20Carolina
2014-04-27,18,4,0.0,13.0,4,0,05:05 AM,06:16 PM,06:05 AM,07:35 PM,-1,9,11,9,39,9,45,0.0,1014,18,10,285,24,California
2014-03-06,15,7,0.0,12.0,3,31,10:15 AM,No moonset,06:39 AM,06:22 PM,7,8,10,8,28,34,80,0.0,1019,15,10,309,19,Texas
2013-08-19,21,17,0.0,7.0,4,87,06:52 PM,04:58 AM,06:39 AM,08:03 PM,18,19,19,19,8,68,96,15.8,1020,21,5,139,3,North%20Carolina
2009-08-24,24,12,0.0,13.0,5,22,11:35 AM,09:56 PM,06:34 AM,08:00 PM,14,18,19,18,14,33,78,0.0,1019,24,8,174,7,Northern%20California
2011-09-09,29,27,0.0,11.0,6,81,04:42 PM,03:44 AM,06:10 AM,06:31 PM,24,32,32,28,28,56,79,0.2,1013,29,10,79,18,Island%20of%20Puerto%20Rico
2010-11-02,8,-3,0.0,11.0,2,15,03:27 AM,03:46 PM,07:44 AM,06:07 PM,-4,0,2,0,12,12,76,0.0,1031,8,8,85,6,Pennsylvania
2014-12-06,2,-1,8.3,1.0,1,98,05:19 PM,07:10 AM,07:22 AM,04:44 PM,1,-2,1,-2,19,89,96,23.2,1024,2,6,201,11,Pennsylvania
2013-12-03,9,3,0.0,6.0,2,0,07:42 AM,05:39 PM,07:13 AM,04:34 PM,5,4,6,4,21,68,93,0.9,1004,9,5,161,12,Illinois
2008-12-23,1,-5,0.0,9.0,2,20,04:46 AM,01:23 PM,07:55 AM,04:23 PM,-5,-4,-3,-4,10,32,96,0.0,1013,1,3,137,5,Tacoma
2010-08-13,34,22,0.0,13.0,6,19,10:44 AM,10:07 PM,06:34 AM,08:10 PM,21,30,30,28,18,32,74,0.1,1011,34,8,64,9,North%20Carolina
2008-11-21,-3,-8,1.1,1.0,1,32,01:07 AM,01:38 PM,07:09 AM,04:53 PM,-6,-12,-5,-12,33,87,92,5.5,1023,-3,2,291,19,Northern%20and%20Central%20California
2014-07-18,28,16,0.0,15.0,6,54,No moonrise,12:57 PM,05:40 AM,08:24 PM,14,22,22,22,15,6,63,0.0,1022,28,10,277,7,New%20York
2009-10-08,12,8,0.0,1.0,3,66,09:11 PM,12:09 PM,07:08 AM,06:33 PM,9,9,10,9,19,78,88,8.2,1014,12,8,189,11,Illinois
2014-05-11,27,22,0.0,10.0,5,81,05:12 PM,04:19 AM,06:30 AM,08:02 PM,22,27,27,24,38,66,88,3.0,1010,27,10,146,22,Texas
2009-12-18,1,-6,0.0,9.0,2,6,09:14 AM,06:53 PM,07:34 AM,04:50 PM,-8,-7,-3,-7,19,55,71,0.1,1020,1,8,106,10,Northern%20Illinois
2010-12-27,6,2,0.0,1.0,1,51,No moonrise,11:17 AM,07:56 AM,04:26 PM,3,1,4,1,27,87,98,15.4,1017,6,6,164,11,Tacoma
2012-05-06,25,12,0.0,14.0,5,100,09:20 PM,06:16 AM,06:07 AM,08:17 PM,12,18,18,18,14,30,74,0.0,1016,25,8,186,7,Northern%20and%20Central%20California
2010-03-14,5,2,0.0,1.0,1,0,05:38 AM,05:30 PM,06:28 AM,06:21 PM,3,1,4,1,17,100,98,6.8,1003,5,3,106,8,Northern%20California
2009-11-27,9,4,0.0,3.0,2,71,01:25 PM,01:48 AM,06:57 AM,04:31 PM,4,4,7,4,34,74,84,0.0,999,9,6,246,21,Newark
2009-04-22,14,6,0.0,12.0,2,0,04:28 AM,05:18 PM,06:07 AM,07:43 PM,8,8,9,8,17,68,89,3.0,1006,14,5,213,9,New%20York
2008-10-16,25,14,0.0,2.0,4,85,07:04 PM,09:27 AM,07:10 AM,06:14 PM,15,18,19,18,24,64,83,0.8,1014,25,8,266,13,Newark
2010-08-28,33,25,0.0,12.0,6,72,09:41 PM,10:18 AM,06:55 AM,07:46 PM,22,32,32,29,18,18,66,0.1,1010,33,10,95,10,Texas
2013-06-05,27,19,0.0,14.0,6,7,04:01 AM,05:58 PM,06:03 AM,08:29 PM,18,24,24,23,22,43,81,0.5,1017,27,10,98,13,Southern%20California
2013-06-26,29,15,0.0,11.0,5,71,10:55 PM,09:50 AM,06:16 AM,08:06 PM,16,21,22,21,11,40,75,14.1,1016,29,8,183,4,San%20Francisco%20Bay%20Area
2009-05-15,25,11,0.0,15.0,5,54,12:50 AM,10:31 AM,05:41 AM,08:14 PM,8,18,19,18,17,10,57,0.0,1017,25,10,302,8,Georgia
2010-09-26,20,9,0.0,12.0,4,71,08:23 PM,10:22 AM,07:07 AM,07:06 PM,7,13,14,13,16,16,70,0.0,1017,20,9,80,9,Northern%20Illinois
2010-11-27,0,-4,0.0,10.0,2,49,10:41 PM,11:28 AM,06:51 AM,04:19 PM,-8,-7,-2,-7,25,8,67,0.0,1018,0,10,266,15,Michigan
2009-12-21,-2,-7,0.0,1.0,1,28,10:38 AM,09:54 PM,07:36 AM,04:51 PM,-5,-10,-4,-10,25,94,95,0.3,1019,-2,8,285,16,Northern%20and%20Central%20California
2010-04-07,25,17,0.0,13.0,6,32,03:01 AM,01:19 PM,06:41 AM,07:32 PM,16,21,21,21,49,5,79,0.0,1012,25,10,224,28,Virginia
2011-02-16,5,-1,0.0,7.0,1,94,03:59 PM,05:59 AM,07:13 AM,05:35 PM,1,-1,2,-1,25,62,95,2.9,1001,5,7,188,11,Tacoma
2012-08-08,28,20,0.0,13.0,5,55,11:03 PM,12:41 PM,05:50 AM,07:56 PM,20,26,26,24,19,54,88,0.2,1014,28,7,79,9,Michigan
2009-11-10,17,11,0.0,3.0,3,35,No moonrise,01:15 PM,06:37 AM,04:42 PM,12,13,14,13,15,69,88,0.0,1024,17,8,145,8,New%20York
2009-12-26,12,5,0.0,6.0,2,64,01:02 PM,01:49 AM,07:12 AM,05:29 PM,5,7,9,7,19,51,77,0.9,1019,12,8,73,12,Texas
2009-02-06,0,-12,0.0,10.0,2,81,02:11 PM,05:05 AM,07:20 AM,05:40 PM,-7,-10,-5,-10,19,17,87,0.0,1027,0,8,214,11,Northern%20California
2012-12-10,10,3,0.0,1.0,2,13,04:05 AM,02:32 PM,07:26 AM,04:44 PM,7,5,7,5,25,92,95,14.4,1005,10,6,222,12,Pennsylvania
2010-06-10,32,22,0.0,12.0,6,0,04:11 AM,07:02 PM,06:03 AM,08:31 PM,21,30,30,27,22,37,80,2.4,1014,32,9,255,10,Southern%20California
2013-05-28,24,17,0.0,3.0,5,72,11:44 PM,09:18 AM,05:28 AM,08:23 PM,19,20,21,20,31,78,94,20.1,1007,24,8,201,18,Ohio
2010-05-10,14,5,0.0,14.0,3,13,03:24 AM,04:45 PM,05:33 AM,07:56 PM,1,7,9,7,29,20,57,1.6,1025,14,10,118,16,Michigan
2011-11-08,27,13,0.0,11.0,5,88,04:08 PM,04:17 AM,06:08 AM,05:35 PM,15,20,20,20,11,23,78,0.0,1013,27,7,78,4,Island%20of%20Puerto%20Rico
2013-05-27,21,2,0.0,9.0,3,80,11:14 PM,08:24 AM,05:49 AM,08:36 PM,4,12,12,12,12,47,69,0.0,1023,21,8,193,7,Northern%20and%20Central%20California
2010-02-03,-2,-9,0.0,10.0,1,62,11:16 PM,09:17 AM,07:13 AM,05:23 PM,-8,-9,-6,-9,14,47,87,0.0,1027,-2,10,213,8,Illinois
2013-04-10,9,5,0.0,1.0,2,0,06:11 AM,08:00 PM,06:15 AM,07:23 PM,6,4,7,4,24,99,94,14.3,1011,9,7,111,13,Michigan
2009-03-06,12,1,0.0,7.0,2,67,12:57 PM,03:33 AM,06:27 AM,06:00 PM,6,4,7,4,29,49,93,0.3,1020,12,10,202,15,Southeastern%20Michigan
2014-08-21,26,14,0.0,7.0,4,21,03:25 AM,05:03 PM,06:43 AM,07:40 PM,17,19,20,19,11,74,87,10.1,1015,26,8,203,5,San%20Francisco%20Bay%20Area
2010-02-02,0,-4,0.0,1.0,1,69,09:58 PM,08:44 AM,07:09 AM,05:15 PM,-3,-7,-2,-7,24,98,94,1.1,1018,0,6,225,16,Ohio
2011-12-09,26,24,0.0,11.0,6,95,05:10 PM,05:48 AM,06:44 AM,05:48 PM,23,28,28,25,32,64,84,6.1,1012,26,9,58,21,Island%20of%20Puerto%20Rico
2009-03-05,23,18,0.0,12.0,5,59,12:41 PM,02:24 AM,06:40 AM,06:22 PM,16,20,20,20,33,11,80,0.0,1021,23,10,167,19,Texas
2011-05-17,16,12,0.0,1.0,3,100,08:49 PM,05:27 AM,05:38 AM,08:09 PM,14,13,14,13,33,99,98,35.8,1012,16,7,73,20,Newark
2009-04-16,15,0,0.0,13.0,3,44,02:05 AM,11:18 AM,06:34 AM,07:56 PM,2,6,7,6,16,3,72,0.0,1027,15,9,249,9,Northern%20Illinois
2010-12-17,-3,-11,0.0,9.0,1,76,01:52 PM,03:46 AM,07:30 AM,04:46 PM,-10,-13,-8,-13,21,39,89,0.0,1018,-3,6,275,11,Pennsylvania
2011-09-19,23,19,0.0,8.0,5,44,11:21 PM,01:27 PM,06:49 AM,07:06 PM,16,20,21,20,26,53,76,1.4,1022,23,10,60,16,Virginia
2010-09-17,33,22,0.0,10.0,6,61,04:15 PM,01:41 AM,07:02 AM,07:22 PM,18,28,28,26,18,35,65,1.9,1015,33,10,228,8,Southern%20California
2009-03-27,8,-2,0.0,12.0,1,5,06:54 AM,08:53 PM,06:49 AM,07:18 PM,-3,-2,2,-2,23,31,71,0.0,1017,8,10,250,14,Ohio
2013-04-28,15,10,0.0,6.0,3,71,11:14 PM,08:03 AM,05:48 AM,07:43 PM,11,12,12,12,15,74,91,3.2,1012,15,6,137,7,Michigan
2014-12-04,11,7,0.0,8.0,2,84,03:45 PM,04:53 AM,07:01 AM,04:47 PM,3,5,8,5,29,45,70,0.0,1029,11,10,31,19,Virginia
2014-09-06,31,22,0.0,11.0,6,84,05:49 PM,03:59 AM,06:54 AM,07:38 PM,22,29,29,26,16,43,81,1.2,1015,31,8,163,7,Southern%20California
2008-11-18,5,-3,0.0,11.0,2,55,11:00 PM,12:14 PM,06:58 AM,05:08 PM,-7,-3,1,-3,32,22,56,0.0,1024,5,10,314,16,North%20Carolina
2009-07-15,27,10,0.0,15.0,5,40,12:01 AM,02:06 PM,05:54 AM,08:41 PM,12,19,20,19,16,10,64,0.0,1018,27,10,152,10,Pennsylvania
2008-09-20,26,14,0.0,12.0,4,54,10:05 PM,01:13 PM,06:49 AM,07:03 PM,16,20,20,20,11,15,83,1.4,1021,26,9,153,6,Illinois
2008-09-24,26,16,0.0,10.0,5,24,01:30 AM,04:38 PM,06:54 AM,06:56 PM,16,21,21,21,16,27,78,1.8,1024,26,10,237,9,Illinois
2010-06-22,31,19,0.0,14.0,5,73,05:12 PM,02:09 AM,05:26 AM,08:31 PM,19,27,27,25,18,31,76,6.2,1018,31,10,115,8,Newark
2010-04-07,25,15,0.0,13.0,5,32,03:23 AM,01:21 PM,06:49 AM,07:46 PM,11,20,20,20,36,9,63,0.0,1006,25,10,233,18,Northern%20Illinois
2010-11-12,18,8,0.0,8.0,3,38,12:17 PM,10:54 PM,06:48 AM,04:47 PM,7,11,12,11,25,49,73,2.3,1024,18,9,104,12,Illinois
2010-09-14,33,16,0.0,12.0,7,38,01:58 PM,11:47 PM,07:00 AM,07:26 PM,10,25,25,25,17,6,45,0.0,1016,33,10,281,10,Southern%20California
2014-08-05,27,13,0.0,12.0,4,63,03:39 PM,01:02 AM,06:16 AM,08:26 PM,15,20,20,20,11,21,74,0.7,1017,27,9,263,6,Northern%20Illinois
